S. No.,Year,Region,Category,Motor Cycles,Scooters,Moped,Cars,Jeeps,Stn. Wagons,Taxis meter fited,Luxury /Turist Cabs/,Auto-rikshaws,Stage carriages,Contract carriages /Mini Bus,School Buses,Private Service Vehicles,Ambulances,Articulated/Multi.,Trucks & Lorries,Tanker,Delivery Van (4 wheelers),Delivery Van (3 wheelers),Tractors,Trailors,Others
1,2000,Greater Mumbai,Mumbai(C),5154,5969,89,8760,251,0,3244,0,0,170,93,0,6,17,0,62,20,184,195,2,4,65
2,2000,Greater Mumbai,Mumbai(W),10738,5552,90,8227,100,0,723,0,4460,0,94,0,7,14,0,56,4,269,665,33,3,0
3,2000,Greater Mumbai,Mumbai€,6525,1813,427,2245,257,57,24,0,2633,0,64,2,26,11,0,19,0,58,412,0,0,20
4,2000,Greater Mumbai,Borivali,0,0,0,0,0,0,0,0,0,0,0,0,0,0,0,0,0,0,0,0,0,0
5,2000,Thane Region,Thane,20117,6299,489,20165,2469,0,536,0,2692,36,119,0,52,7,0,1957,157,1748,534,41,180,49
6,2000,Thane Region,Kalyan,7271,2694,403,1034,230,0,94,0,1743,41,14,0,4,12,0,126,3,128,325,12,11,4
7,2000,Thane Region,Vashi Navi Mumbai,0,0,0,0,0,0,0,0,0,0,0,0,0,0,0,0,0,0,0,0,0,0
8,2000,Thane Region,Vasai,0,0,0,0,0,0,0,0,0,0,0,0,0,0,0,0,0,0,0,0,0,0
9,2000,Panvel Region,Panvel,0,0,0,0,0,0,0,0,0,0,0,0,0,0,0,0,0,0,0,0,0,0
10,2000,Panvel Region,Pen-Raigad,7449,3069,348,4081,673,2,162,0,775,3,10,1,1,7,0,355,58,462,213,45,23,39
11,2000,Panvel Region,Ratnagiri,4041,781,157,414,181,0,12,0,539,0,8,2,0,0,0,126,18,187,141,15,11,8
12,2000,Panvel Region,Sindhudurg,2712,390,194,218,73,4,2,0,763,0,0,0,2,1,0,60,0,116,112,12,17,0
13,2000,Kolhapur Region,Kolhapur,19160,953,3011,1350,664,2,0,0,499,0,24,0,0,7,0,362,22,243,246,540,1034,3
14,2000,Kolhapur Region,Sangli,12482,931,1305,924,443,4,52,0,143,0,0,1,2,5,0,310,67,290,235,738,866,9
15,2000,Kolhapur Region,Satara,13882,551,1306,1008,607,0,8,0,241,124,6,4,0,1,0,341,10,375,370,821,890,9
16,2000,Kolhapur Region,Karad,0,0,0,0,0,0,0,0,0,0,0,0,0,0,0,0,0,0,0,0,0,0
17,2000,Pune Region,Pune,41214,9945,8277,9151,1649,3,14,0,2868,525,141,0,4,27,0,809,51,880,853,1243,920,31
18,2000,Pune Region,Solapur,14021,423,2742,763,689,23,0,0,326,0,5,0,0,1,0,330,1,355,145,980,1295,0
19,2000,Pune Region,Pimpri-Chinchwad,15226,5413,2030,2684,796,0,11,0,455,54,80,0,0,5,0,371,1,561,525,231,202,0
20,2000,Pune Region,Baramati,0,0,0,0,0,0,0,0,0,0,0,0,0,0,0,0,0,0,0,0,0,0
21,2000,Pune Region,Akluj,0,0,0,0,0,0,0,0,0,0,0,0,0,0,0,0,0,0,0,0,0,0
22,2000,Nashik Region,Nashik,23100,5401,3115,2683,1623,0,129,0,1221,0,4,2,11,11,0,427,21,498,214,2117,1058,0
23,2000,Nashik Region,Ahmednagar,9549,550,1498,725,316,0,27,0,169,0,3,0,0,2,0,120,1,239,264,497,526,2
24,2000,Nashik Region,Srirampur,10814,83,788,480,266,9,73,0,62,0,0,4,1,2,0,223,48,232,201,586,650,11
25,2000,Nashik Region,Malegaon,0,0,0,0,0,0,0,0,0,0,0,0,0,0,0,0,0,0,0,0,0,0
26,2000,Dhule Region,Dhule,6542,184,1322,364,272,1,163,0,478,0,3,2,2,2,0,304,8,145,155,421,504,4
27,2000,Dhule Region,Jalgaon,12627,796,2773,844,354,0,84,0,866,0,67,0,0,5,0,236,0,104,286,718,820,5
28,2000,Dhule Region,Nandurbar,0,0,0,0,0,0,0,0,0,0,0,0,0,0,0,0,0,0,0,0,0,0
29,2000,Aurangabad Region,Aurangabad,14673,3022,602,1528,642,2,45,0,1501,528,3,14,3,2,0,518,7,395,178,485,36,0
30,2000,Aurangabad Region,Jalna,3613,57,414,238,171,0,8,0,116,0,0,0,0,0,0,96,0,142,10,328,306,0
31,2000,Aurangabad Region,Beed,5075,26,891,260,383,0,0,0,276,0,0,2,3,0,0,149,1,111,18,500,473,0
32,2000,Latur Region,Latur,4355,84,831,344,274,0,29,0,348,0,0,3,0,1,0,175,3,114,103,367,339,0
33,2000,Latur Region,Osmanabad,2603,75,63,227,75,0,0,0,44,0,0,0,0,1,0,46,0,91,69,364,284,7
34,2000,Latur Region,Ambejogai,0,0,0,0,0,0,0,0,0,0,0,0,0,0,0,0,0,0,0,0,0,0
35,2000,Nanded Region,Nanded,4191,457,552,401,238,0,0,0,733,0,0,2,8,0,0,337,0,65,13,236,286,0
36,2000,Nanded Region,Parbhani,3744,54,675,208,186,0,15,0,275,0,0,0,0,0,0,117,0,40,1,210,221,0
37,2000,Nanded Region,Hingoli,0,0,0,0,0,0,0,0,0,0,0,0,0,0,0,0,0,0,0,0,0,0
38,2000,Amrawati Region,Amrawati,6419,1214,3273,597,175,1,39,0,691,3,14,2,0,1,0,53,0,66,171,235,175,94
39,2000,Amrawati Region,Buldhana,5576,213,1122,264,172,1,49,0,823,0,3,7,3,2,0,64,0,105,135,516,431,1
40,2000,Amrawati Region,Yawatmal,6296,619,2094,367,207,0,104,0,619,1,6,4,1,2,0,84,0,59,102,334,380,0
41,2000,Amrawati Region,Akola,7355,627,2745,551,233,0,302,0,989,0,3,5,0,0,0,57,0,70,118,383,297,9
42,2000,Amrawati Region,Washim,0,0,0,0,0,0,0,0,0,0,0,0,0,0,0,0,0,0,0,0,0,0
43,2000,Nagpur(U) Region,Nagpur,20758,7868,14235,3872,669,3,96,0,549,259,15,1,52,14,0,436,19,571,160,308,265,27
44,2000,Nagpur(U) Region,Wardha,2708,454,1112,94,102,0,8,0,270,0,2,1,1,1,0,25,0,29,53,114,142,1
45,2000,Nagpur(U) Region,Nagpur(East),0,0,0,0,0,0,0,0,0,0,0,0,0,0,0,0,0,0,0,0,0,0
46,2000,Nagpur(R) Region,Nagpur,0,0,0,0,0,0,0,0,0,0,0,0,0,0,0,0,0,0,0,0,0,0
47,2000,Nagpur(R) Region,Gadchiroli,1826,80,256,49,37,0,26,0,3,0,1,0,0,2,0,0,0,20,4,116,96,0
48,2000,Nagpur(R) Region,Chandrapur,7119,1108,1815,424,207,0,16,0,26,0,10,0,0,11,0,256,1,116,76,299,262,11
49,2000,Nagpur(R) Region,Gondia,4630,675,1630,280,119,0,13,0,10,2,0,1,5,0,0,47,2,27,23,326,283,0
50,2000,Nagpur(R) Region,Bhandara,0,0,0,0,0,0,0,0,0,0,0,0,0,0,0,0,0,0,0,0,0,0
51,2001,Greater Mumbai,Mumbai(C),9533,2723,149,8457,360,0,1571,0,0,156,72,1,66,16,0,35,24,157,178,0,0,30
52,2001,Greater Mumbai,Mumbai(W),12620,5798,25,9642,278,0,382,0,4305,0,99,19,30,20,0,13,3,145,570,20,6,0
53,2001,Greater Mumbai,Mumbai€,8351,1051,201,2529,109,4,87,0,1874,0,19,0,7,6,0,5,0,33,308,0,0,10
54,2001,Greater Mumbai,Borivali,0,0,0,0,0,0,0,0,0,0,0,0,0,0,0,0,0,0,0,0,0,0
55,2001,Thane Region,Thane,21850,4304,1634,15519,2748,5,909,0,5398,30,136,24,46,9,0,3075,92,1413,1249,76,128,122
56,2001,Thane Region,Kalyan,7423,2044,1312,1087,206,0,100,0,1943,0,5,2,6,11,0,127,0,109,240,13,6,9
57,2001,Thane Region,Vashi Navi Mumbai,0,0,0,0,0,0,0,0,0,0,0,0,0,0,0,0,0,0,0,0,0,0
58,2001,Thane Region,Vasai,0,0,0,0,0,0,0,0,0,0,0,0,0,0,0,0,0,0,0,0,0,0
59,2001,Panvel Region,Panvel,0,0,0,0,0,0,0,0,0,0,0,0,0,0,0,0,0,0,0,0,0,0
60,2001,Panvel Region,Pen-Raigad,8990,2350,2,2748,758,2,1743,0,702,0,6,149,5,13,0,218,241,801,372,48,48,74
61,2001,Panvel Region,Ratnagiri,5131,479,0,648,128,6,11,0,1925,0,9,1,0,5,0,64,11,194,194,31,29,11
62,2001,Panvel Region,Sindhudurg,3097,289,279,277,24,36,106,0,884,0,1,2,9,2,0,109,0,179,93,13,43,3
63,2001,Kolhapur Region,Kolhapur,21851,1120,2429,1777,538,1,0,0,578,0,16,0,0,18,0,215,28,138,290,511,832,7
64,2001,Kolhapur Region,Sangli,14182,725,1188,917,535,28,30,0,126,0,2,1,7,5,0,166,11,262,251,555,650,4
65,2001,Kolhapur Region,Satara,13343,352,1212,870,368,2,35,0,267,76,1,2,1,9,0,165,0,171,525,644,451,3
66,2001,Kolhapur Region,Karad,0,0,0,0,0,0,0,0,0,0,0,0,0,0,0,0,0,0,0,0,0,0
67,2001,Pune Region,Pune,46625,10357,5427,11010,1813,0,259,0,3046,28,119,0,0,24,0,523,77,740,1323,659,586,27
68,2001,Pune Region,Solapur,14694,353,2387,613,601,10,0,0,402,0,6,0,0,4,0,88,1,319,136,576,430,0
69,2001,Pune Region,Pimpri-Chinchwad,19270,4468,2830,2866,806,0,54,0,497,0,30,0,0,10,0,370,0,394,574,344,212,4
70,2001,Pune Region,Baramati,0,0,0,0,0,0,0,0,0,0,0,0,0,0,0,0,0,0,0,0,0,0
71,2001,Pune Region,Akluj,0,0,0,0,0,0,0,0,0,0,0,0,0,0,0,0,0,0,0,0,0,0
72,2001,Nashik Region,Nashik,26972,2822,2437,2462,1322,1,165,0,1483,0,3,0,0,11,0,315,19,740,244,1433,909,5
73,2001,Nashik Region,Ahmednagar,11585,214,1024,807,231,0,18,0,182,0,0,1,2,6,0,122,0,256,263,463,413,14
74,2001,Nashik Region,Srirampur,13387,57,770,621,261,0,131,0,295,0,0,12,1,5,0,182,12,226,322,534,528,8
75,2001,Nashik Region,Malegaon,0,0,0,0,0,0,0,0,0,0,0,0,0,0,0,0,0,0,0,0,0,0
76,2001,Dhule Region,Dhule,6588,98,1200,343,203,0,163,0,272,0,7,0,2,1,0,276,14,114,104,261,214,10
77,2001,Dhule Region,Jalgaon,15232,399,2833,1020,293,0,163,0,931,0,30,1,0,11,0,228,3,114,263,563,576,5
78,2001,Dhule Region,Nandurbar,0,0,0,0,0,0,0,0,0,0,0,0,0,0,0,0,0,0,0,0,0,0
79,2001,Aurangabad Region,Aurangabad,16466,1480,351,1616,437,0,0,0,1841,587,0,33,0,8,0,590,9,620,19,410,122,0
80,2001,Aurangabad Region,Jalna,3898,13,312,229,219,0,0,0,83,0,0,2,0,0,0,66,0,117,10,211,184,0
81,2001,Aurangabad Region,Beed,4863,11,622,268,280,0,0,0,292,0,0,2,0,0,0,176,0,102,30,317,223,0
82,2001,Latur Region,Latur,4729,60,609,395,185,0,104,0,371,0,0,4,4,3,0,95,0,223,119,194,183,0
83,2001,Latur Region,Osmanabad,2706,25,172,199,0,0,27,0,131,0,0,0,0,2,0,30,0,90,146,286,200,1
84,2001,Latur Region,Ambejogai,0,0,0,0,0,0,0,0,0,0,0,0,0,0,0,0,0,0,0,0,0,0
85,2001,Nanded Region,Nanded,5711,246,588,350,293,0,0,0,894,0,0,0,2,0,0,199,0,48,0,75,102,0
86,2001,Nanded Region,Parbhani,3298,47,650,208,189,0,0,0,280,0,0,0,0,0,0,68,0,4,0,90,92,0
87,2001,Nanded Region,Hingoli,1011,2,104,40,42,0,0,0,66,0,0,0,0,1,0,7,0,16,2,74,52,0
88,2001,Amrawati Region,Amrawati,7621,576,4155,757,259,0,193,0,590,5,5,1,10,6,0,64,2,32,138,127,67,2
89,2001,Amrawati Region,Buldhana,6803,105,1148,275,136,0,147,0,693,0,8,4,1,2,0,56,0,72,129,256,235,0
90,2001,Amrawati Region,Yawatmal,5854,270,2824,331,141,0,182,0,531,0,1,0,0,1,0,81,2,53,115,154,147,0
91,2001,Amrawati Region,Akola,6207,718,3303,523,161,0,695,0,167,0,0,2,0,6,0,95,4,63,118,175,116,0
92,2001,Amrawati Region,Washim,1392,27,225,60,20,0,41,0,205,0,2,2,0,2,0,14,0,14,40,135,102,0
93,2001,Nagpur(U) Region,Nagpur,28272,6170,13745,4512,676,0,120,0,402,1,2,41,147,19,0,960,22,483,246,175,159,54
94,2001,Nagpur(U) Region,Wardha,2864,513,1400,100,95,0,13,0,299,0,0,2,0,0,0,10,0,16,43,74,90,0
95,2001,Nagpur(U) Region,Nagpur(East),0,0,0,0,0,0,0,0,0,0,0,0,0,0,0,0,0,0,0,0,0,0
96,2001,Nagpur(R) Region,Nagpur,0,0,0,0,0,0,0,0,0,0,0,0,0,0,0,0,0,0,0,0,0,0
97,2001,Nagpur(R) Region,Gadchiroli,1618,161,36,43,50,0,25,0,4,0,0,0,1,5,0,2,0,22,1,60,50,3
98,2001,Nagpur(R) Region,Chandrapur,1943,631,7719,491,208,5,38,0,121,0,5,1,3,6,0,518,1,80,95,202,156,24
99,2001,Nagpur(R) Region,Gondia,4057,346,1195,201,78,0,54,0,12,0,0,7,0,0,0,99,0,73,19,195,169,1
100,2002,Nagpur(R) Region,Bhandara,1520,45,354,65,11,0,16,0,15,0,0,0,0,1,0,12,0,8,20,69,58,0
101,2002,Greater Mumbai,Mumbai(C),12318,2374,17,7831,206,1,1150,0,0,134,105,0,76,18,0,22,0,141,335,2,2,26
102,2002,Greater Mumbai,Mumbai(W),19989,6696,0,10048,346,0,527,0,12284,0,127,8,48,13,0,7,0,125,903,13,2,0
103,2002,Greater Mumbai,Mumbai€,10613,1490,177,2799,33,1,248,0,4421,0,24,0,26,7,0,8,0,48,474,0,1,5
104,2002,Greater Mumbai,Borivali,0,0,0,0,0,0,0,0,0,0,0,0,0,0,0,0,0,0,0,0,0,0
105,2002,Thane Region,Thane,29316,5729,1137,18446,3874,1,1474,0,3678,0,198,26,43,30,0,3564,0,1854,1860,42,160,82
106,2002,Thane Region,Kalyan,10317,2644,688,1316,187,0,125,0,1781,25,8,2,2,12,0,98,12,103,354,6,7,4
107,2002,Thane Region,Vashi Navi Mumbai,0,0,0,0,0,0,0,0,0,0,0,0,0,0,0,0,0,0,0,0,0,0
108,2002,Thane Region,Vasai,0,0,0,0,0,0,0,0,0,0,0,0,0,0,0,0,0,0,0,0,0,0
109,2002,Panvel Region,Panvel,0,0,0,0,0,0,0,0,0,0,0,0,0,0,0,0,0,0,0,0,0,0
110,2002,Panvel Region,Pen-Raigad,10012,1706,5,3781,734,2,2006,0,221,10,25,3,1,21,0,812,54,426,217,33,37,150
111,2002,Panvel Region,Ratnagiri,5910,361,0,555,103,0,9,0,1089,0,9,1,0,12,0,68,0,213,160,9,10,0
112,2002,Panvel Region,Sindhudurg,3085,210,332,414,68,15,14,0,1040,0,2,4,1,6,0,130,0,100,96,13,24,2
113,2002,Kolhapur Region,Kolhapur,20544,1804,2605,1834,284,1,20,0,340,1,67,0,3,11,0,248,35,209,332,376,519,7
114,2002,Kolhapur Region,Sangli,12657,823,1488,788,441,16,87,0,199,0,5,1,6,6,0,135,4,265,380,334,304,1
115,2002,Kolhapur Region,Satara,14042,255,1221,846,306,0,72,0,274,0,1,2,1,3,0,228,10,198,701,466,408,0
116,2002,Kolhapur Region,Karad,0,0,0,0,0,0,0,0,0,0,0,0,0,0,0,0,0,0,0,0,0,0
117,2002,Pune Region,Pune,48466,14244,6716,11125,1638,3,485,0,3062,282,249,0,0,19,0,548,54,894,1778,379,341,25
118,2002,Pune Region,Solapur,15722,560,2130,591,470,0,39,0,412,0,7,0,0,6,0,91,6,352,272,444,279,0
119,2002,Pune Region,Pimpri-Chinchwad,21643,1671,2311,2670,483,0,80,0,263,0,38,0,0,8,0,322,0,727,686,328,148,6
120,2002,Pune Region,Baramati,0,0,0,0,0,0,0,0,0,0,0,0,0,0,0,0,0,0,0,0,0,0
121,2002,Pune Region,Akluj,0,0,0,0,0,0,0,0,0,0,0,0,0,0,0,0,0,0,0,0,0,0
122,2002,Nashik Region,Nashik,28432,2186,3209,2849,1176,1,192,0,1573,0,9,0,0,9,0,488,16,1129,224,1291,949,2
123,2002,Nashik Region,Ahmednagar,11704,459,1240,754,115,1,90,0,227,0,4,0,2,3,0,71,0,258,356,264,210,29
124,2002,Nashik Region,Srirampur,10618,78,628,529,189,0,198,0,254,0,2,3,0,12,0,126,0,236,410,334,348,8
125,2002,Nashik Region,Malegaon,0,0,0,0,0,0,0,0,0,0,0,0,0,0,0,0,0,0,0,0,0,0
126,2002,Dhule Region,Dhule,5538,33,1402,378,143,0,189,0,136,0,1,1,0,1,0,310,7,99,188,179,148,6
127,2002,Dhule Region,Jalgaon,16073,113,2612,994,235,0,206,0,1276,0,5,2,1,17,0,338,12,232,390,544,501,4
128,2002,Dhule Region,Nandurbar,2776,25,254,149,87,0,86,0,67,0,0,0,0,0,0,35,0,35,32,111,149,0
129,2002,Aurangabad Region,Aurangabad,17332,1864,104,1903,541,0,0,0,2541,535,0,11,3,7,0,336,27,395,541,352,21,0
130,2002,Aurangabad Region,Jalna,6261,123,331,264,251,0,0,0,136,0,0,0,2,1,0,67,0,111,155,292,162,0
131,2002,Aurangabad Region,Beed,5461,26,606,262,357,0,0,0,328,0,0,0,5,0,0,98,0,158,185,262,194,0
132,2002,Latur Region,Latur,4833,38,907,412,171,0,116,0,621,0,2,4,0,2,0,47,0,105,422,201,144,0
133,2002,Latur Region,Osmanabad,2777,8,178,108,63,0,25,0,414,0,0,0,0,0,0,25,0,45,98,179,135,0
134,2002,Latur Region,Ambejogai,0,0,0,0,0,0,0,0,0,0,0,0,0,0,0,0,0,0,0,0,0,0
135,2002,Nanded Region,Nanded,6382,258,455,447,381,0,0,0,1735,0,0,0,1,0,0,206,0,55,6,77,83,0
136,2002,Nanded Region,Parbhani,3391,14,474,200,139,0,0,0,465,0,0,0,0,0,0,74,0,42,12,105,61,0
137,2002,Nanded Region,Hingoli,2081,3,173,95,97,0,0,0,195,0,0,0,4,1,0,9,2,106,12,128,106,0
138,2002,Amrawati Region,Amrawati,9158,565,4305,741,207,0,119,0,859,2,8,0,5,9,0,92,0,56,253,191,56,3
139,2002,Amrawati Region,Buldhana,7779,48,1114,260,167,0,222,0,794,0,1,0,1,3,0,68,0,88,230,168,128,0
140,2002,Amrawati Region,Yawatmal,6280,787,1415,349,145,0,216,0,808,0,0,0,0,2,0,106,0,51,160,126,106,2
141,2002,Amrawati Region,Akola,6037,665,2322,420,90,2,89,0,767,0,0,0,1,2,0,114,0,98,255,108,71,21
142,2002,Amrawati Region,Washim,2769,64,316,148,68,0,62,0,531,0,1,0,0,2,0,22,0,25,89,153,143,2
143,2002,Nagpur(U) Region,Nagpur,34265,5871,14261,3767,498,0,155,0,422,0,4,32,216,9,0,825,33,515,686,137,112,119
144,2002,Nagpur(U) Region,Wardha,3643,729,1309,119,72,0,9,0,242,0,0,0,0,1,0,19,0,24,103,58,67,0
145,2002,Nagpur(U) Region,Nagpur(East),0,0,0,0,0,0,0,0,0,0,0,0,0,0,0,0,0,0,0,0,0,0
146,2002,Nagpur(R) Region,Nagpur,0,0,0,0,0,0,0,0,0,0,0,0,0,0,0,0,0,0,0,0,0,0
147,2002,Nagpur(R) Region,Gadchiroli,1943,195,28,48,55,0,39,0,13,0,0,0,1,3,0,2,0,14,3,43,41,0
148,2002,Nagpur(R) Region,Chandrapur,10183,255,2309,719,198,0,97,0,364,0,3,0,3,8,0,504,0,120,169,155,112,16
149,2002,Nagpur(R) Region,Gondia,3257,92,604,124,34,0,42,0,22,0,0,0,0,0,0,28,0,20,22,64,58,0
150,2002,Nagpur(R) Region,Bhandara,4227,69,985,175,25,0,49,0,83,0,1,2,0,2,0,13,0,24,36,182,146,0
151,2003,Greater Mumbai,Mumbai(C),14743,2380,35,8885,339,0,1163,0,0,144,271,0,28,38,0,174,2,273,469,1,0,49
152,2003,Greater Mumbai,Mumbai(W),23083,7739,0,12157,527,0,629,0,9589,0,337,11,32,19,0,106,0,308,1906,7,0,0
153,2003,Greater Mumbai,Mumbai€,11236,2082,410,3414,0,0,202,0,5892,0,65,34,134,7,1,22,0,197,964,1,0,8
154,2003,Greater Mumbai,Borivali,0,0,0,0,0,0,0,0,0,0,0,0,0,0,0,0,0,0,0,0,0,0
155,2003,Thane Region,Thane,34121,7406,354,27256,5445,5,2480,0,3351,25,450,5,29,30,1103,6252,1209,5229,4080,48,144,5
156,2003,Thane Region,Kalyan,14919,2039,5,1682,221,0,115,0,1623,0,17,0,0,8,0,162,0,333,384,12,10,5
157,2003,Thane Region,Vashi Navi Mumbai,0,0,0,0,0,0,0,0,0,0,0,0,0,0,0,0,0,0,0,0,0,0
158,2003,Thane Region,Vasai,0,0,0,0,0,0,0,0,0,0,0,0,0,0,0,0,0,0,0,0,0,0
159,2003,Panvel Region,Panvel,0,0,0,0,0,0,0,0,0,0,0,0,0,0,0,0,0,0,0,0,0,0
160,2003,Panvel Region,Pen-Raigad,12659,2077,2,4650,1078,5,1205,0,3173,7,36,1,32,11,738,1124,0,1036,168,31,16,174
161,2003,Panvel Region,Ratnagiri,6773,854,0,641,149,1,21,0,1170,0,10,4,0,37,0,112,0,242,207,13,14,0
162,2003,Panvel Region,Sindhudurg,3619,253,357,465,129,25,2,0,908,0,2,2,4,6,3,62,0,122,70,14,25,1
163,2003,Kolhapur Region,Kolhapur,19390,2300,2512,2170,556,0,0,0,365,0,16,0,1,10,3,244,32,232,392,288,326,35
164,2003,Kolhapur Region,Sangli,11788,990,2184,1015,389,5,60,0,205,0,3,0,2,1,1,162,19,274,395,203,156,7
165,2003,Kolhapur Region,Satara,13145,348,1225,1004,399,0,98,0,287,7,1,5,8,3,0,352,15,337,787,213,144,2
166,2003,Kolhapur Region,Karad,0,0,0,0,0,0,0,0,0,0,0,0,0,0,0,0,0,0,0,0,0,0
167,2003,Pune Region,Pune,53757,15594,8031,13372,1656,2,671,0,2123,719,219,160,23,21,0,677,102,1052,1724,211,130,25
168,2003,Pune Region,Solapur,15112,680,2172,691,381,0,18,0,218,0,5,0,0,4,0,99,0,397,397,154,128,4
169,2003,Pune Region,Pimpri-Chinchwad,29040,2227,3251,3848,721,0,290,0,173,13,95,5,51,12,0,425,0,1003,885,248,151,11
170,2003,Pune Region,Baramati,2261,84,26,92,32,0,7,0,1,0,0,0,0,0,0,33,7,63,82,34,65,0
171,2003,Pune Region,Akluj,0,0,0,0,0,0,0,0,0,0,0,0,0,0,0,0,0,0,0,0,0,0
172,2003,Nashik Region,Nashik,31782,2161,4649,3539,1397,0,177,0,1049,0,17,1,6,24,0,325,19,1038,710,807,625,0
173,2003,Nashik Region,Ahmednagar,13096,822,1270,714,192,0,70,0,253,0,2,0,4,3,0,136,7,263,275,142,114,8
174,2003,Nashik Region,Srirampur,12636,150,743,695,245,0,140,0,228,0,0,2,0,3,0,42,161,343,429,288,263,20
175,2003,Nashik Region,Malegaon,5145,0,67,309,54,0,9,0,202,0,0,0,2,0,0,63,0,203,148,254,223,5
176,2003,Dhule Region,Dhule,6122,207,1055,639,102,0,90,0,279,0,6,1,0,11,0,422,15,114,285,239,144,2
177,2003,Dhule Region,Jalgaon,18934,1270,2150,1384,343,4,116,0,1104,0,10,3,0,11,0,403,0,212,504,494,327,15
178,2003,Dhule Region,Nandurbar,3281,12,207,167,129,2,16,0,88,0,8,1,13,2,0,64,0,53,96,208,184,0
179,2003,Aurangabad Region,Aurangabad,20762,3126,28,1934,632,1,1,0,1978,672,9,27,22,8,0,352,38,424,625,422,13,0
180,2003,Aurangabad Region,Jalna,7541,328,36,287,298,0,0,0,120,0,1,2,1,3,0,69,0,107,189,374,198,0
181,2003,Aurangabad Region,Beed,5240,50,368,308,373,0,0,0,252,0,0,2,0,0,0,71,3,51,233,96,61,0
182,2003,Latur Region,Latur,5147,127,1059,555,269,0,25,0,411,0,4,0,2,2,4,76,0,68,460,134,49,0
183,2003,Latur Region,Osmanabad,2545,7,230,121,100,0,22,0,215,0,3,0,0,0,0,33,0,142,106,51,73,2
184,2003,Latur Region,Ambejogai,0,0,0,0,0,0,0,0,0,0,0,0,0,0,0,0,0,0,0,0,0,0
185,2003,Nanded Region,Nanded,7100,150,716,610,382,0,0,0,1180,0,0,0,0,10,1,168,0,68,0,212,78,0
186,2003,Nanded Region,Parbhani,4284,10,465,209,195,0,0,0,474,0,0,0,0,21,0,38,2,35,47,90,87,3
187,2003,Nanded Region,Hingoli,2245,15,125,122,100,0,0,0,178,0,6,0,4,14,0,18,1,115,27,221,81,0
188,2003,Amrawati Region,Amrawati,11659,1025,2882,657,162,2,71,0,997,0,10,2,3,3,0,136,1,92,342,458,198,1
189,2003,Amrawati Region,Buldhana,9059,121,1134,336,263,0,101,0,688,0,0,1,13,31,0,106,1,133,248,281,106,1
190,2003,Amrawati Region,Yawatmal,7241,414,1257,469,277,0,96,0,880,0,5,3,0,20,41,138,0,103,240,195,163,2
191,2003,Amrawati Region,Akola,6122,408,2065,514,120,0,50,0,565,14,0,2,0,14,0,90,1,84,194,71,44,0
192,2003,Amrawati Region,Washim,3222,37,406,149,112,1,22,0,423,0,0,0,0,7,0,27,1,37,119,164,89,1
193,2003,Nagpur(U) Region,Nagpur,27410,5871,12019,4839,629,0,39,0,508,0,1,42,290,15,457,726,11,476,683,191,84,28
194,2003,Nagpur(U) Region,Wardha,5087,353,1072,196,88,0,3,0,285,0,5,1,0,0,0,7,0,41,140,56,60,1
195,2003,Nagpur(U) Region,Nagpur(East),0,0,0,0,0,0,0,0,0,0,0,0,0,0,0,0,0,0,0,0,0,0
196,2003,Nagpur(R) Region,Nagpur,3749,129,598,98,55,0,8,0,95,0,0,0,54,0,33,49,0,147,26,138,61,1
197,2003,Nagpur(R) Region,Gadchiroli,2255,231,40,65,41,0,11,0,37,0,0,0,0,8,0,11,0,21,6,50,22,0
198,2003,Nagpur(R) Region,Chandrapur,10472,1015,1993,857,245,5,87,0,356,0,11,0,2,25,10,506,0,171,257,184,125,24
199,2003,Nagpur(R) Region,Gondia,4073,304,630,165,57,0,20,0,25,0,0,1,0,3,0,46,0,46,25,88,70,0
200,2003,Nagpur(R) Region,Bhandara,4299,40,983,120,68,2,30,0,86,0,0,0,0,2,1,32,0,31,45,193,139,6
201,2004,Greater Mumbai,Mumbai(C),13306,4451,5,11046,612,0,953,0,0,231,233,0,52,42,1,229,0,543,455,0,1,87
202,2004,Greater Mumbai,Mumbai(W),23959,10566,0,16226,519,0,801,,5320,0,194,286,27,52,0,24,1,189,2235,9,0,40
203,2004,Greater Mumbai,Mumbai€,12982,2095,192,4795,0,0,225,,2505,0,46,48,47,8,0,0,0,242,824,0,0,3
204,2004,Greater Mumbai,Borivali,0,0,0,0,0,0,0,0,0,0,0,0,0,0,0,0,0,0,0,0,0,0
205,2004,Thane Region,Thane,31599,6944,149,23084,1406,0,3844,,2174,0,2983,48,61,78,720,6497,1283,5354,4292,61,33,1
206,2004,Thane Region,Kalyan,16988,1068,0,1778,253,0,137,,1754,0,28,0,2,11,1,158,29,209,528,17,17,17
207,2004,Thane Region,Vashi Navi Mumbai,9643,411,0,5412,1856,0,643,,391,17,710,0,97,31,335,1131,0,724,354,0,29,0
208,2004,Thane Region,Vasai,0,0,0,0,0,0,0,0,0,0,0,0,0,0,0,0,0,0,0,0,0,0
209,2004,Panvel Region,Panvel,0,0,0,0,0,0,0,0,0,0,0,0,0,0,0,0,0,0,0,0,0,0
210,2004,Panvel Region,Pen-Raigad,13634,1935,0,5288,1210,6,471,,359,10,46,6,28,44,1260,1584,123,1103,349,69,25,403
211,2004,Panvel Region,Ratnagiri,7176,895,0,692,180,0,34,,301,0,14,1,0,20,0,123,2,270,226,17,34,29
212,2004,Panvel Region,Sindhudurg,4288,418,364,331,108,1,3,,476,0,3,1,3,24,0,81,2,87,109,16,10,2
213,2004,Kolhapur Region,Kolhapur,27448,819,593,2293,460,0,33,,222,47,27,1,9,42,0,299,41,152,648,279,247,31
214,2004,Kolhapur Region,Sangli,13158,1128,1926,1239,280,23,69,,242,0,5,2,4,42,0,232,13,302,523,283,142,9
215,2004,Kolhapur Region,Satara,14637,483,1132,1230,329,0,129,,368,21,7,6,2,31,2,433,2,443,531,309,174,24
216,2004,Kolhapur Region,Karad,0,0,0,0,0,0,0,0,0,0,0,0,0,0,0,0,0,0,0,0,0,0
217,2004,Pune Region,Pune,59381,16690,8115,17914,1797,0,1366,,2574,291,914,80,11,63,0,1543,130,774,1129,303,151,53
218,2004,Pune Region,Solapur,14152,1038,1647,707,354,0,58,,200,0,9,0,0,37,0,179,0,539,201,141,87,3
219,2004,Pune Region,Pimpri-Chinchwad,31222,3553,2734,5247,836,0,861,,335,118,169,0,35,15,0,636,5,787,1053,272,67,55
220,2004,Pune Region,Baramati,8490,225,156,430,151,0,19,,104,0,15,0,18,2,0,199,4,434,257,261,175,8
221,2004,Pune Region,Akluj,4754,0,0,296,40,0,22,,37,0,0,0,0,3,0,38,0,240,38,148,53,42
222,2004,Nashik Region,Nashik,31754,4063,1798,3471,1062,0,36,,669,0,14,21,9,53,2,189,23,1438,330,1049,77,31
223,2004,Nashik Region,Ahmednagar,16196,1010,1075,865,381,0,60,,157,25,3,5,6,21,19,182,23,389,376,242,148,188
224,2004,Nashik Region,Srirampur,14624,223,1871,715,231,0,171,,224,1,0,6,3,6,0,137,15,344,604,460,218,33
225,2004,Nashik Region,Malegaon,9324,2,113,657,48,1,68,,543,0,9,7,4,1,0,107,7,323,221,626,425,8
226,2004,Dhule Region,Dhule,6283,257,933,888,181,1,215,,492,1,4,3,28,6,0,491,0,168,271,390,277,1
227,2004,Dhule Region,Jalgaon,21442,2073,1107,1286,413,16,228,,329,0,7,5,710,57,0,296,9,124,717,613,403,29
228,2004,Dhule Region,Nandurbar,4689,45,674,227,161,0,14,,48,0,9,1,0,2,0,88,9,76,171,781,544,78
229,2004,Aurangabad Region,Aurangabad,23911,3158,17,1740,394,1,0,,1371,621,25,1,9,19,0,78,10,302,607,564,505,20
230,2004,Aurangabad Region,Jalna,7263,392,94,364,270,0,0,,98,0,0,7,2,0,0,59,1,67,205,393,191,2
231,2004,Aurangabad Region,Beed,4676,20,327,295,447,0,0,,188,0,2,0,2,0,0,35,0,56,125,118,72,1
232,2004,Latur Region,Latur,6220,204,921,581,300,0,64,,380,0,6,0,0,1,5,71,0,331,72,255,75,6
233,2004,Latur Region,Osmanabad,3375,1,169,175,132,0,77,,327,0,2,1,1,1,0,43,4,65,149,79,56,19
234,2004,Latur Region,Ambejogai,1329,7,75,91,86,0,0,,108,0,0,0,0,0,0,29,3,11,95,77,11,0
235,2004,Nanded Region,Nanded,7640,115,667,425,332,0,33,,940,0,0,0,0,0,0,153,1,80,150,168,100,0
236,2004,Nanded Region,Parbhani,4732,15,426,234,194,2,55,,266,0,0,0,0,11,3,41,1,47,92,152,73,0
237,2004,Nanded Region,Hingoli,1926,13,81,112,88,0,5,,135,7,0,0,0,8,0,2,0,80,53,179,86,0
238,2004,Amrawati Region,Amrawati,12189,1712,2495,980,167,0,60,,841,5,30,3,0,23,0,130,4,94,244,281,131,6
239,2004,Amrawati Region,Buldhana,9218,150,1075,314,160,0,179,,521,0,0,20,8,8,0,68,5,59,223,411,179,4
240,2004,Amrawati Region,Yawatmal,7039,599,1276,520,175,0,47,,653,0,8,1,0,10,1,76,0,97,182,162,82,3
241,2004,Amrawati Region,Akola,6888,778,1544,657,97,0,70,,396,4,6,3,4,15,0,76,5,76,184,104,47,1
242,2004,Amrawati Region,Washim,2918,47,397,185,78,0,18,,269,0,1,6,0,12,0,12,3,18,82,150,64,2
243,2004,Nagpur(U) Region,Nagpur,23196,4773,11119,4612,1057,0,27,,397,0,15,33,135,10,180,673,1,402,427,24,16,15
244,2004,Nagpur(U) Region,Wardha,5519,668,1310,226,121,0,2,,96,0,2,1,2,1,0,14,3,57,106,126,78,1
245,2004,Nagpur(U) Region,Nagpur(East),0,0,0,0,0,0,0,0,0,0,0,0,0,0,0,0,0,0,0,0,0,0
246,2004,Nagpur(R) Region,Nagpur,8140,969,2504,390,121,0,40,,150,0,3,2,63,3,33,268,1,263,213,344,143,8
247,2004,Nagpur(R) Region,Gadchiroli,2193,231,117,100,51,0,19,,63,0,0,0,7,16,0,19,0,20,4,41,25,0
248,2004,Nagpur(R) Region,Chandrapur,12042,1186,1999,905,449,0,52,,240,0,4,4,5,21,16,531,0,191,221,310,153,18
249,2004,Nagpur(R) Region,Gondia,5725,158,297,269,77,0,15,,56,0,2,1,0,1,4,52,0,38,22,147,109,0
250,2004,Nagpur(R) Region,Bhandara,4541,15,646,171,39,0,10,,59,0,2,0,2,21,7,23,0,33,35,239,140,0
251,2005,Greater Mumbai,Mumbai(C),14366,4460,0,11803,101,0,512,0,0,863,90,2,49,40,1,75,5,557,456,2,2,78
252,2005,Greater Mumbai,Mumbai(W),24902,10825,0,20519,1461,0,966,0,3966,0,188,72,63,52,242,0,0,580,2031,31,5,86
253,2005,Greater Mumbai,Mumbai€,15569,1849,254,5754,0,0,308,0,2531,0,46,30,27,8,0,0,0,264,1131,0,0,6
254,2005,Greater Mumbai,Borivali,0,0,0,0,0,0,0,0,0,0,0,0,0,0,0,0,0,0,0,0,0,0
255,2005,Thane Region,Thane,35390,6618,76,13795,198,845,2838,0,2801,0,1909,0,142,17,401,3525,662,2730,3290,49,18,0
256,2005,Thane Region,Kalyan,20220,371,0,2258,168,0,290,0,1463,0,29,0,7,14,0,156,30,250,584,35,9,14
257,2005,Thane Region,Vashi Navi Mumbai,11201,2144,5,4455,25,0,885,0,892,0,94,0,46,6,10,1094,210,864,966,20,0,0
258,2005,Thane Region,Vasai,0,0,0,0,0,0,0,0,0,0,0,0,0,0,0,0,0,0,0,0,0,0
259,2005,Panvel Region,Panvel,0,0,0,0,0,0,0,0,0,0,0,0,0,0,0,0,0,0,0,0,0,0
260,2005,Panvel Region,Pen-Raigad,18276,1567,0,8504,1147,0,1033,0,381,0,51,9,51,40,1100,1706,66,1358,541,75,95,633
261,2005,Panvel Region,Ratnagiri,7224,579,0,843,161,0,46,0,443,0,6,0,0,8,0,160,0,273,279,7,13,23
262,2005,Panvel Region,Sindhudurg,4799,576,316,338,108,0,8,0,457,0,8,4,2,6,0,104,4,181,62,31,25,4
263,2005,Kolhapur Region,Kolhapur,27867,17,2,2264,483,0,57,0,275,0,30,2,6,7,0,357,59,122,922,603,588,58
264,2005,Kolhapur Region,Sangli,15314,1030,1260,1477,321,0,53,0,315,0,3,6,3,9,0,279,7,463,458,538,366,11
265,2005,Kolhapur Region,Satara,17056,509,716,1518,306,0,185,0,568,15,21,6,5,7,0,670,13,647,496,738,423,31
266,2005,Kolhapur Region,Karad,0,0,0,0,0,0,0,0,0,0,0,0,0,0,0,0,0,0,0,0,0,0
267,2005,Pune Region,Pune,69541,15690,9842,21059,2501,1,1310,0,3016,436,317,30,69,45,0,1884,77,1774,1458,338,10,275
268,2005,Pune Region,Solapur,14163,1253,1565,988,262,0,31,0,204,0,8,0,6,5,0,154,7,386,406,302,252,3
269,2005,Pune Region,Pimpri-Chinchwad,34752,6318,221,6533,790,0,802,0,384,93,216,0,1,13,6,730,0,913,1737,530,205,107
270,2005,Pune Region,Baramati,11191,117,1,506,183,0,45,0,166,0,14,1,8,6,0,223,17,402,246,560,715,20
271,2005,Pune Region,Akluj,6640,4,0,472,203,0,15,0,98,0,0,1,0,2,0,88,6,233,158,470,318,6
272,2005,Nashik Region,Nashik,32168,4647,585,5240,1229,0,90,0,655,2,22,14,29,17,1,222,14,1487,194,1497,524,166
273,2005,Nashik Region,Ahmednagar,16954,780,998,861,280,0,293,0,176,0,2,2,2,3,0,235,20,511,511,417,219,193
274,2005,Nashik Region,Srirampur,14070,428,602,744,184,0,259,0,224,0,1,16,2,4,0,126,30,361,425,615,251,29
275,2005,Nashik Region,Malegaon,10824,200,163,644,51,0,192,0,444,44,2,7,0,6,0,139,17,332,188,664,542,4
276,2005,Dhule Region,Dhule,7289,160,915,827,213,3,141,0,386,0,12,9,4,4,353,2,2,117,282,371,309,5
277,2005,Dhule Region,Jalgaon,19328,1793,907,1498,297,0,299,0,690,0,7,4,218,12,0,374,5,277,511,765,446,24
278,2005,Dhule Region,Nandurbar,5702,0,2,278,110,75,27,0,168,0,0,4,1,5,0,43,0,64,171,516,329,0
279,2005,Aurangabad Region,Aurangabad,25239,2345,1,2189,362,0,0,0,1328,403,24,2,64,9,0,164,27,268,848,625,263,55
280,2005,Aurangabad Region,Jalna,7447,327,0,412,228,0,42,0,102,0,0,2,0,3,0,93,0,90,238,472,202,5
281,2005,Aurangabad Region,Beed,4033,27,282,207,201,0,0,0,248,0,0,0,1,0,0,35,0,26,159,190,118,2
282,2005,Latur Region,Latur,7436,360,1002,839,302,0,70,0,391,0,0,3,2,3,0,108,0,54,667,627,155,6
283,2005,Latur Region,Osmanabad,4868,17,61,182,82,0,47,0,316,0,2,3,0,2,0,89,4,119,144,366,116,21
284,2005,Latur Region,Ambejogai,2718,3,170,202,152,0,0,0,393,0,0,0,0,0,0,107,0,61,185,233,51,0
285,2005,Nanded Region,Nanded,7608,55,731,584,192,0,16,0,887,0,6,0,0,1,0,248,4,88,295,196,84,0
286,2005,Nanded Region,Parbhani,4776,41,253,268,135,0,30,0,295,0,3,1,0,2,30,99,1,43,213,269,83,2
287,2005,Nanded Region,Hingoli,2482,0,4,129,47,0,3,0,166,0,5,0,0,1,0,7,2,57,70,201,163,2
288,2005,Amrawati Region,Amrawati,12706,987,2455,951,94,0,32,0,561,8,20,2,0,7,0,177,5,160,218,262,122,6
289,2005,Amrawati Region,Buldhana,7081,122,710,321,154,3,65,0,796,2,0,8,0,5,0,185,4,165,217,389,170,11
290,2005,Amrawati Region,Yawatmal,,654,1461,550,105,0,27,0,682,0,20,4,1,4,14,131,5,185,156,350,167,1
291,2005,Amrawati Region,Akola,,714,1398,617,179,0,91,0,458,3,4,7,1,3,0,74,0,124,117,128,53,6
292,2005,Amrawati Region,Washim,3040,95,355,181,62,0,9,0,268,0,7,0,0,3,0,28,1,80,64,191,99,0
293,2005,Nagpur(U) Region,Nagpur,24898,9377,11636,5353,1804,133,164,0,371,0,46,21,10,16,20,690,7,342,442,37,12,254
294,2005,Nagpur(U) Region,Wardha,7248,95,1285,284,73,0,1,0,267,0,5,0,0,1,0,44,0,139,122,234,103,3
295,2005,Nagpur(U) Region,Nagpur(East),0,0,0,0,0,0,0,0,0,0,0,0,0,0,0,0,0,0,0,0,0,0
296,2005,Nagpur(R) Region,Nagpur,7471,4383,3648,541,85,0,38,0,313,37,10,24,1,8,9,439,6,286,172,465,140,5
297,2005,Nagpur(R) Region,Gadchiroli,2397,259,10,114,50,0,2,0,107,0,5,1,7,3,0,10,0,27,14,134,84,0
298,2005,Nagpur(R) Region,Chandrapur,10794,1028,1913,1043,156,0,37,0,714,0,11,15,5,8,6,588,3,290,146,398,176,16
299,2005,Nagpur(R) Region,Gondia,5070,378,539,219,62,0,0,0,74,0,6,6,3,7,0,50,20,80,23,188,109,2
300,2005,Nagpur(R) Region,Bhandara,4957,0,836,263,44,0,6,0,159,0,3,3,18,4,33,65,3,89,64,416,206,1
301,2006,Greater Mumbai,Mumbai(C),16830,4838,0,12722,125,0,844,0,0,315,95,4,16,33,0,216,3,608,479,0,0,42
302,2006,Greater Mumbai,Mumbai(W),30310,10300,0,21085,1504,0,1380,0,3558,0,163,81,43,30,0,480,0,750,2177,29,2,121
303,2006,Greater Mumbai,Mumbai€,0,0,0,0,0,0,0,0,0,0,0,0,0,0,0,0,0,0,0,0,0,0
304,2006,Greater Mumbai,Borivali,17939,2459,286,6377,0,0,306,0,2060,0,15,36,33,12,0,0,1,335,1128,0,1,74
305,2006,Thane Region,Thane,43595,6905,71,24206,164,1996,2340,0,3241,275,572,60,117,16,338,5201,883,3095,3912,39,161,131
306,2006,Thane Region,Kalyan,19223,5522,0,2528,138,0,289,0,865,0,3,27,7,19,0,258,23,205,947,61,18,31
307,2006,Thane Region,Vashi Navi Mumbai,14262,930,0,8082,342,196,1010,0,516,0,131,0,6,4,43,1316,204,1144,2167,11,347,19
308,2006,Thane Region,Vasai,0,0,0,0,0,0,0,0,0,0,0,0,0,0,0,0,0,0,0,0,0,0
309,2006,Panvel Region,Panvel,0,0,0,0,0,0,0,0,0,0,0,0,0,0,0,0,0,0,0,0,0,0
310,2006,Panvel Region,Pen-Raigad,24879,1317,0,6793,950,0,1038,0,514,0,38,25,35,42,0,1775,121,914,857,117,1996,511
311,2006,Panvel Region,Ratnagiri,5108,3835,0,1092,45,0,102,0,678,0,24,1,0,9,0,211,15,300,371,16,17,19
312,2006,Panvel Region,Sindhudurg,4834,728,213,424,118,0,8,0,535,0,4,2,5,1,0,198,0,170,61,21,13,14
313,2006,Kolhapur Region,Kolhapur,29127,1370,684,2373,568,0,80,0,272,8,46,9,3,6,0,648,28,382,668,797,937,71
314,2006,Kolhapur Region,Sangli,18975,1209,995,1465,290,55,65,0,323,0,2,12,4,8,0,558,4,524,682,571,625,28
315,2006,Kolhapur Region,Satara,19824,1093,1351,1506,527,0,454,0,555,0,18,17,5,8,0,1041,19,789,736,977,802,49
316,2006,Kolhapur Region,Karad,0,0,0,0,0,0,0,0,0,0,0,0,0,0,0,0,0,0,0,0,0,0
317,2006,Pune Region,Pune,76850,13400,14156,25088,3519,1,2887,0,3753,10,753,33,63,46,0,1973,97,2215,1930,864,78,687
318,2006,Pune Region,Solapur,17699,1311,1274,952,235,0,101,0,91,11,5,3,13,7,36,373,72,441,679,560,445,51
319,2006,Pune Region,Pimpri-Chinchwad,39936,7687,355,7979,812,0,1602,0,219,50,219,0,2,26,0,1283,5,1190,2026,588,328,170
320,2006,Pune Region,Baramati,12332,299,0,653,216,0,81,0,61,0,5,1,8,4,0,541,18,447,378,779,1251,35
321,2006,Pune Region,Akluj,10268,1,1,481,309,9,73,0,113,43,20,2,3,3,0,109,0,251,383,799,722,23
322,2006,Nashik Region,Nashik,34851,8373,90,4770,1265,0,205,0,657,52,26,13,19,14,2,620,61,1312,294,1266,190,60
323,2006,Nashik Region,Ahmednagar,19157,898,793,978,263,0,274,0,101,15,7,0,5,10,1,489,32,606,640,645,503,338
324,2006,Nashik Region,Srirampur,14934,563,525,776,181,0,138,0,374,0,1,12,4,12,0,357,54,482,651,723,366,23
325,2006,Nashik Region,Malegaon,11321,232,143,494,65,0,126,0,473,0,2,12,1,0,0,478,17,285,98,688,593,0
326,2006,Dhule Region,Dhule,7666,250,903,637,150,22,233,0,552,0,2,6,5,1,0,1432,1,145,261,409,311,12
327,2006,Dhule Region,Jalgaon,19821,2792,362,1334,171,6,247,0,397,4,0,1,572,6,0,649,1,162,597,960,503,13
328,2006,Dhule Region,Nandurbar,5767,0,1,290,109,287,30,0,22,7,0,5,0,2,0,115,1,95,195,527,309,11
329,2006,Aurangabad Region,Aurangabad,28964,2024,0,1790,492,0,0,0,1307,633,43,24,60,27,0,166,18,375,1281,742,347,7
330,2006,Aurangabad Region,Jalna,7108,654,14,559,292,0,0,0,159,0,0,16,16,6,0,111,2,239,618,461,184,0
331,2006,Aurangabad Region,Beed,4122,56,345,193,309,0,0,0,420,0,0,0,0,0,0,28,0,64,305,212,94,4
332,2006,Latur Region,Latur,9708,507,1197,958,225,0,38,0,438,0,9,2,0,15,0,352,0,91,594,791,440,3
333,2006,Latur Region,Osmanabad,4676,88,53,220,53,0,32,0,531,0,0,21,0,0,0,68,30,404,469,255,103,0
334,2006,Latur Region,Ambejogai,2740,13,337,222,168,0,0,0,497,0,0,0,0,0,0,128,0,76,279,293,166,3
335,2006,Nanded Region,Nanded,9978,219,601,585,291,16,54,0,1135,0,2,2,0,13,0,575,0,93,327,303,195,2
336,2006,Nanded Region,Parbhani,6886,66,282,327,108,0,22,0,489,0,1,1,1,9,52,147,8,18,176,536,387,58
337,2006,Nanded Region,Hingoli,3349,0,6,144,62,0,4,0,219,0,6,0,0,2,0,20,1,48,71,304,201,13
338,2006,Amrawati Region,Amrawati,16322,1354,2274,962,137,0,50,0,846,20,10,1,0,12,0,331,0,207,270,347,156,5
339,2006,Amrawati Region,Buldhana,11620,524,685,250,150,0,42,0,1138,0,2,22,0,2,0,393,4,233,316,541,172,6
340,2006,Amrawati Region,Yawatmal,9079,1005,1265,558,158,0,40,0,1134,0,8,3,0,3,228,196,0,279,268,592,392,7
341,2006,Amrawati Region,Akola,10903,1345,1193,612,30,0,83,0,696,0,0,2,0,3,0,157,0,213,187,339,137,15
342,2006,Amrawati Region,Washim,4722,190,331,183,77,0,11,0,557,0,3,1,0,2,0,52,2,98,99,395,132,0
343,2006,Nagpur(U) Region,Nagpur,32286,10284,10043,5076,2191,163,227,0,395,0,29,52,0,20,44,977,61,322,505,99,56,62
344,2006,Nagpur(U) Region,Wardha,8446,548,1909,267,90,0,8,0,410,2,0,7,0,2,0,67,0,271,199,369,139,30
345,2006,Nagpur(U) Region,Nagpur(East),0,0,0,0,0,0,0,0,0,0,0,0,0,0,0,0,0,0,0,0,0,0
346,2006,Nagpur(R) Region,Nagpur,11067,5623,4418,540,256,33,44,0,297,293,11,9,0,8,18,508,7,310,159,635,184,82
347,2006,Nagpur(R) Region,Gadchiroli,2792,461,3,99,16,0,3,0,74,0,0,0,0,4,0,18,0,63,17,233,146,0
348,2006,Nagpur(R) Region,Chandrapur,11669,1112,1852,845,148,0,45,0,677,0,3,12,1,7,130,832,6,288,140,621,235,16
349,2006,Nagpur(R) Region,Gondia,5792,975,323,188,32,0,1,0,163,0,3,7,1,1,0,118,1,102,17,343,246,5
350,2006,Nagpur(R) Region,Bhandara,5784,0,455,285,11,0,4,0,101,0,5,3,1,1,111,203,12,109,0,481,194,8
351,2007,Greater Mumbai,Mumbai(C),16176,6490,1,13250,176,0,533,731,0,232,68,0,22,16,0,250,0,541,278,0,1,57
352,2007,Greater Mumbai,Mumbai(W),29218,2066,3,21448,1082,0,187,1291,2471,0,82,21,37,29,0,156,0,568,1335,3,30,15
353,2007,Greater Mumbai,Mumbai€,0,0,0,0,0,0,0,0,0,0,0,0,0,0,0,0,0,0,0,0,0,0
354,2007,Greater Mumbai,Borivali,16637,2306,57,7313,622,0,118,468,1490,0,4,35,20,14,0,0,0,234,691,0,1,152
355,2007,Thane Region,Thane,50565,2487,20,22988,260,1,98,4254,2221,0,899,0,0,0,3,4991,838,2782,5062,0,494,21
356,2007,Thane Region,Kalyan,22116,1005,0,3225,72,6,2,250,785,29,22,12,21,10,0,286,18,213,623,88,54,53
357,2007,Thane Region,Vashi Navi Mumbai,12716,163,0,11165,217,0,0,1261,457,31,346,14,32,41,0,2297,445,667,1501,0,778,12
358,2007,Thane Region,Vasai,0,0,0,0,0,0,0,0,0,0,0,0,0,0,0,0,0,0,0,0,0,0
359,2007,Panvel Region,Panvel,0,0,0,0,0,0,0,0,0,0,0,0,0,0,0,0,0,0,0,0,0,0
360,2007,Panvel Region,Pen-Raigad,27360,630,0,8383,1121,11,3,935,559,1,40,19,30,39,1145,1988,186,1009,670,185,891,696
361,2007,Panvel Region,Ratnagiri,6702,1205,185,1082,266,2,12,57,437,0,24,3,3,7,0,197,0,323,407,16,9,33
362,2007,Panvel Region,Sindhudurg,5401,539,115,565,129,0,0,7,303,0,6,0,5,4,0,234,0,275,56,39,33,6
363,2007,Kolhapur Region,Kolhapur,22544,2225,784,2509,478,0,0,73,326,0,74,0,2,5,0,509,62,293,515,829,805,98
364,2007,Kolhapur Region,Sangli,15980,1094,949,1785,301,0,63,53,196,3,3,6,1,8,0,481,10,427,657,543,530,56
365,2007,Kolhapur Region,Satara,17062,1394,1583,2001,389,0,377,124,162,0,18,11,11,10,0,884,27,909,603,1043,830,69
366,2007,Kolhapur Region,Karad,0,0,0,0,0,0,0,0,0,0,0,0,0,0,0,0,0,0,0,0,0,0
367,2007,Pune Region,Pune,85352,703,1444,25056,2837,0,0,2354,2566,0,1096,4,5,59,1,1853,190,2011,2893,653,29,793
368,2007,Pune Region,Solapur,13035,1876,932,1165,332,0,0,104,78,11,2,11,16,12,26,227,77,514,494,670,431,22
369,2007,Pune Region,Pimpri-Chinchwad,47762,663,2,11024,229,0,0,1201,289,0,458,0,5,23,0,1372,31,1285,1668,729,344,314
370,2007,Pune Region,Baramati,11636,297,37,661,165,0,0,131,19,0,1,1,11,4,0,514,25,551,255,826,966,67
371,2007,Pune Region,Akluj,8602,0,14,791,93,2,0,50,12,0,0,3,0,3,0,82,10,220,270,623,559,76
372,2007,Nashik Region,Nashik,31209,6272,126,6277,1530,0,119,28,573,4,48,23,18,13,3,693,53,912,1083,1851,489,94
373,2007,Nashik Region,Ahmednagar,16773,1117,888,1188,393,0,21,183,19,0,8,1,11,6,0,542,23,671,863,1058,829,673
374,2007,Nashik Region,Srirampur,14843,663,628,1171,335,1,26,136,396,0,4,14,1,5,1,339,60,357,883,1089,471,60
375,2007,Nashik Region,Malegaon,12703,210,148,763,48,0,43,30,571,0,0,6,1,2,0,414,9,316,214,1281,1029,0
376,2007,Dhule Region,Dhule,7188,504,941,639,218,0,137,0,511,0,4,0,0,0,0,1104,4,188,262,430,372,10
377,2007,Dhule Region,Jalgaon,18093,2869,500,1435,254,3,149,34,713,0,16,8,232,2,0,499,2,241,580,1096,512,11
378,2007,Dhule Region,Nandurbar,5225,229,189,271,105,1,23,10,288,0,1,4,0,3,0,85,1,79,213,493,295,21
379,2007,Aurangabad Region,Aurangabad,33919,2158,0,2014,586,0,0,0,1002,829,56,36,85,35,0,244,13,496,1421,848,395,8
380,2007,Aurangabad Region,Jalna,6531,763,17,619,332,0,0,0,192,0,0,13,20,4,0,128,0,266,723,509,194,0
381,2007,Aurangabad Region,Beed,4584,79,383,236,387,0,0,0,413,0,0,0,0,0,0,33,0,82,321,249,107,2
382,2007,Latur Region,Latur,6022,147,180,383,154,0,9,0,486,0,24,4,0,4,2,361,0,80,505,797,449,8
383,2007,Latur Region,Osmanabad,4922,87,52,255,82,0,43,0,551,0,0,27,0,0,0,79,38,460,559,287,121,0
384,2007,Latur Region,Ambejogai,2978,19,362,249,201,0,0,0,463,0,0,0,0,0,0,133,0,96,318,339,141,0
385,2007,Nanded Region,Nanded,8914,597,921,762,326,0,167,0,1110,5,0,0,0,18,1,690,6,86,507,418,221,10
386,2007,Nanded Region,Parbhani,6003,147,180,381,154,0,42,0,719,0,3,6,1,6,90,178,23,64,256,612,305,12
387,2007,Nanded Region,Hingoli,3710,0,8,181,131,0,8,0,66,72,0,0,5,1,0,58,1,55,76,429,241,2
388,2007,Amrawati Region,Amrawati,13268,1590,2129,1132,144,0,0,66,877,3,29,3,0,10,0,296,0,302,259,672,283,8
389,2007,Amrawati Region,Buldhana,11890,339,1002,322,188,0,0,170,1003,0,0,4,0,8,0,229,0,307,232,931,336,34
390,2007,Amrawati Region,Yawatmal,8502,1271,1476,791,177,0,0,130,671,0,10,10,0,8,28,342,0,315,238,863,543,0
391,2007,Amrawati Region,Akola,8667,2326,399,805,55,0,0,114,783,0,0,3,0,3,0,131,0,201,244,503,278,14
392,2007,Amrawati Region,Washim,4780,310,327,201,99,0,0,94,596,0,1,7,0,3,0,40,0,127,106,736,373,0
393,2007,Nagpur(U) Region,Nagpur,27683,16590,6981,4847,2938,0,0,416,302,0,140,39,3,20,0,554,341,785,344,82,68,23
394,2007,Nagpur(U) Region,Wardha,7613,0,2082,392,124,0,0,13,424,0,0,5,1,1,0,92,2,116,209,674,314,24
395,2007,Nagpur(U) Region,Nagpur(East),0,0,0,0,0,0,0,0,0,0,0,0,0,0,0,0,0,0,0,0,0,0
396,2007,Nagpur(R) Region,Nagpur,15827,2987,1420,614,375,0,0,80,243,366,25,9,11,11,34,646,27,341,140,899,309,113
397,2007,Nagpur(R) Region,Gadchiroli,2714,525,0,67,33,0,1,3,49,0,4,1,0,2,0,51,2,75,8,286,166,1
398,2007,Nagpur(R) Region,Chandrapur,11259,1613,2093,1009,185,0,0,66,448,0,13,22,2,15,190,969,6,312,92,794,236,30
399,2007,Nagpur(R) Region,Gondia,5895,375,152,223,81,0,0,3,81,1,9,4,1,2,0,55,1,61,2,282,152,6
400,2007,Nagpur(R) Region,Bhandara,4935,0,744,218,24,1,0,2,37,0,0,4,0,13,3,112,4,72,8,455,181,4
401,2008,Greater Mumbai,Mumbai(C),10533,2632,0,10362,253,0,1886,405,0,599,29,0,1,16,0,22,0,290,188,0,0,8
402,2008,Greater Mumbai,Mumbai(W),27096,4167,5,19866,249,0,1206,729,3315,0,64,73,28,39,0,71,0,313,888,0,6,5
403,2008,Greater Mumbai,Mumbai€,0,0,0,0,0,0,0,0,0,0,0,0,0,0,0,0,0,0,0,0,0,0
404,2008,Greater Mumbai,Borivali,12919,1587,1,6701,54,23,858,284,1780,0,10,17,17,23,0,0,0,188,369,0,0,167
405,2008,Thane Region,Thane,40734,3951,16,23275,518,1,70,2202,1178,0,519,0,8,83,6,1853,705,2011,4716,28,246,4
406,2008,Thane Region,Kalyan,22815,0,0,3885,6,0,4,134,862,0,24,3,4,33,0,225,9,247,449,113,52,66
407,2008,Thane Region,Vashi Navi Mumbai,11345,177,0,9586,162,0,0,731,227,33,337,30,39,24,0,939,186,147,978,0,428,11
408,2008,Thane Region,Vasai,0,0,0,0,0,0,0,0,0,0,0,0,0,0,0,0,0,0,0,0,0,0
409,2008,Panvel Region,Panvel,0,0,0,0,0,0,0,0,0,0,0,0,0,0,0,0,0,0,0,0,0,0
410,2008,Panvel Region,Pen-Raigad,24361,0,0,9761,1233,11,5,789,323,11,57,24,39,63,1490,1404,140,1045,475,218,159,1092
411,2008,Panvel Region,Ratnagiri,5675,2054,466,1395,349,16,18,80,249,0,28,3,0,16,0,143,0,300,248,2,9,57
412,2008,Panvel Region,Sindhudurg,4642,926,72,787,127,0,0,36,412,0,8,1,2,15,4,165,3,259,35,40,27,0
413,2008,Kolhapur Region,Kolhapur,23057,2381,1244,2909,667,0,10,59,347,0,47,0,6,4,25,489,45,204,416,703,536,54
414,2008,Kolhapur Region,Sangli,17049,1515,879,2042,381,0,26,44,245,0,1,9,1,3,0,399,16,421,479,551,339,16
415,2008,Kolhapur Region,Satara,18363,1404,1794,2352,444,0,210,176,121,0,26,17,1,6,0,748,25,882,425,939,617,60
416,2008,Kolhapur Region,Karad,0,0,0,0,0,0,0,0,0,0,0,0,0,0,0,0,0,0,0,0,0,0
417,2008,Pune Region,Pune,88286,3382,2678,26873,1393,0,0,1354,1123,0,503,0,5,63,0,1216,230,1863,1613,674,140,360
418,2008,Pune Region,Solapur,17167,1886,1484,1505,361,0,0,214,178,0,1,9,18,12,0,258,54,435,444,602,300,26
419,2008,Pune Region,Pimpri-Chinchwad,46371,0,0,11912,0,0,0,1014,72,73,261,3,4,33,0,999,7,1256,1463,922,287,206
420,2008,Pune Region,Baramati,11610,295,118,1640,208,11,0,225,19,0,14,1,3,5,0,358,8,627,299,979,702,40
421,2008,Pune Region,Akluj,9395,1,0,761,121,0,0,45,19,0,3,3,2,4,24,59,8,280,244,624,292,51
422,2008,Nashik Region,Nashik,36436,2829,789,7089,996,0,66,57,457,0,89,35,14,37,0,453,18,805,641,1995,1922,62
423,2008,Nashik Region,Ahmednagar,17019,1953,603,1513,178,0,42,125,354,0,5,2,5,11,3,275,22,548,492,1084,629,120
424,2008,Nashik Region,Srirampur,15044,1033,770,1288,391,0,40,127,391,0,1,13,5,4,0,189,13,367,548,1007,351,49
425,2008,Nashik Region,Malegaon,12000,2,22,909,6,0,48,19,539,0,13,5,1,1,0,250,6,513,18,1297,1119,0
426,2008,Dhule Region,Dhule,5687,649,798,747,172,0,0,105,137,24,14,8,2,0,2,447,13,108,143,535,369,7
427,2008,Dhule Region,Jalgaon,15937,2346,295,1750,173,11,24,192,740,0,21,10,0,4,0,455,0,165,567,826,799,66
428,2008,Dhule Region,Nandurbar,4823,421,158,404,279,115,0,17,4,0,0,0,0,3,0,49,0,143,220,528,249,1
429,2008,Aurangabad Region,Aurangabad,32285,1878,0,1726,500,0,0,0,696,708,45,32,78,24,0,249,12,495,1317,840,403,0
430,2008,Aurangabad Region,Jalna,5520,510,37,539,226,0,0,4,229,0,0,0,6,3,0,119,0,200,523,567,221,3
431,2008,Aurangabad Region,Beed,3878,94,347,228,365,0,0,0,385,0,0,0,0,0,0,25,0,90,320,201,96,0
432,2008,Latur Region,Latur,9778,924,1126,1176,360,0,0,39,323,12,5,8,5,1,0,254,0,74,421,448,213,31
433,2008,Latur Region,Osmanabad,6004,163,99,249,168,0,0,86,164,0,0,3,0,4,0,306,0,135,59,393,157,9
434,2008,Latur Region,Ambejogai,3397,0,134,202,106,0,0,34,305,0,0,2,0,0,0,30,11,29,58,186,116,0
435,2008,Nanded Region,Nanded,9143,702,937,861,593,0,0,139,1275,0,3,0,12,8,2,310,74,408,395,317,122,2
436,2008,Nanded Region,Parbhani,6572,198,179,387,163,0,1,30,569,0,2,4,0,9,53,204,8,40,200,478,174,13
437,2008,Nanded Region,Hingoli,3415,0,39,195,63,0,0,4,205,0,6,0,0,3,0,26,4,27,47,341,239,0
438,2008,Amrawati Region,Amrawati,13629,1351,1954,1251,130,0,0,93,573,0,29,14,0,10,0,390,4,246,120,687,244,11
439,2008,Amrawati Region,Buldhana,9483,313,959,363,173,0,3,48,843,0,0,12,0,5,0,141,4,207,198,943,371,9
440,2008,Amrawati Region,Yawatmal,9618,1767,1093,1011,190,0,9,70,488,0,5,5,0,3,0,178,0,278,171,1035,477,0
441,2008,Amrawati Region,Akola,8193,3643,123,1103,50,0,0,116,586,0,1,9,1,8,0,91,2,207,151,505,244,17
442,2008,Amrawati Region,Washim,4835,358,292,224,126,0,0,59,419,0,1,5,0,2,0,26,1,54,84,574,301,1
443,2008,Nagpur(U) Region,Nagpur,23909,17938,12064,6876,3117,0,0,350,181,14,129,59,81,11,9,591,379,797,330,207,81,1
444,2008,Nagpur(U) Region,Wardha,5862,335,1994,374,97,4,0,67,268,0,19,5,3,3,0,94,3,151,238,673,252,21
445,2008,Nagpur(U) Region,Nagpur(East),0,0,0,0,0,0,0,0,0,0,0,0,0,0,0,0,0,0,0,0,0,0
446,2008,Nagpur(R) Region,Nagpur,14076,3864,3080,764,523,0,0,94,273,293,22,5,0,6,1,294,11,335,73,967,233,99
447,2008,Nagpur(R) Region,Gadchiroli,3254,533,0,166,0,0,0,4,37,0,1,5,2,8,0,18,0,57,31,208,90,4
448,2008,Nagpur(R) Region,Chandrapur,10922,1982,1753,1290,138,0,0,96,316,0,6,17,4,18,61,493,15,302,62,708,209,39
449,2008,Nagpur(R) Region,Gondia,6711,645,229,327,89,0,0,12,92,0,3,1,0,4,0,44,4,67,2,171,109,9
450,2008,Nagpur(R) Region,Bhandara,5455,701,796,297,51,0,0,21,35,0,3,4,3,10,7,119,0,42,10,375,179,23
451,2009,Greater Mumbai,Mumbai(C),12141,6243,0,13266,227,4,3590,251,0,509,12,4,7,13,0,9,0,296,264,0,0,2
452,2009,Greater Mumbai,Mumbai(W),29038,3010,4,23904,0,0,1653,339,5451,0,17,60,19,26,0,38,0,336,978,0,0,0
453,2009,Greater Mumbai,Mumbai€,0,0,0,0,0,0,0,0,0,0,0,0,0,0,0,0,0,0,0,0,0,0
454,2009,Greater Mumbai,Borivali,14779,1100,0,7450,525,7,1554,94,3406,0,16,4,29,22,0,45,0,268,362,0,2,5
455,2009,Thane Region,Thane,41846,6293,48,30934,740,29,131,1472,4356,36,663,2,32,23,78,2096,974,2635,6339,75,566,623
456,2009,Thane Region,Kalyan,25324,0,0,5626,3,0,109,61,1972,3,34,3,5,21,0,148,1,299,467,98,27,38
457,2009,Thane Region,Vashi Navi Mumbai,5235,7547,0,10665,160,0,0,283,606,49,209,23,21,35,0,934,257,256,1095,0,460,10
458,2009,Thane Region,Vasai,0,0,0,0,0,0,0,0,0,0,0,0,0,0,0,0,0,0,0,0,0,0
459,2009,Panvel Region,Panvel,0,0,0,0,0,0,0,0,0,0,0,0,0,0,0,0,0,0,0,0,0,0
460,2009,Panvel Region,Pen-Raigad,22184,0,0,8698,1131,0,0,267,349,3,29,12,43,48,1013,958,116,1254,374,161,27,280
461,2009,Panvel Region,Ratnagiri,7821,3601,420,2000,372,6,0,31,363,2,26,2,1,17,0,163,0,461,258,7,5,181
462,2009,Panvel Region,Sindhudurg,5120,1157,216,956,132,0,190,0,476,202,5,0,4,3,1,217,0,283,68,19,6,0
463,2009,Kolhapur Region,Kolhapur,42080,1871,5,4310,225,4,0,56,399,0,40,21,3,21,117,390,24,609,335,725,366,31
464,2009,Kolhapur Region,Sangli,22445,1796,1125,2321,896,0,193,28,266,0,0,15,0,15,0,303,2,859,354,938,600,61
465,2009,Kolhapur Region,Satara,23674,2141,2192,3488,770,0,111,66,281,0,21,28,1,11,0,683,0,1157,412,1428,1305,119
466,2009,Kolhapur Region,Karad,0,0,0,0,0,0,0,0,0,0,0,0,0,0,0,0,0,0,0,0,0,0
467,2009,Pune Region,Pune,102456,51,113,30047,915,0,0,1363,1132,0,636,19,0,83,0,1745,113,1643,1769,693,21,317
468,2009,Pune Region,Solapur,24087,2096,2089,1740,620,0,0,103,505,0,6,4,4,22,0,87,124,580,582,724,198,6
469,2009,Pune Region,Pimpri-Chinchwad,48385,130,325,11924,128,13,0,830,222,170,294,5,10,34,0,590,6,1377,795,779,104,108
470,2009,Pune Region,Baramati,13975,297,1,2236,163,0,0,17,497,0,10,5,6,5,0,237,63,567,283,1289,1428,70
471,2009,Pune Region,Akluj,11810,0,0,1451,72,0,0,76,195,0,15,2,4,0,1,48,46,271,283,913,524,123
472,2009,Nashik Region,Nashik,45261,3979,101,9968,433,1,87,89,626,0,116,6,0,23,15,246,41,1641,406,2441,995,51
473,2009,Nashik Region,Ahmednagar,19025,2952,426,2018,499,0,1,125,670,0,3,4,11,6,0,248,12,820,408,1235,605,148
474,2009,Nashik Region,Srirampur,20271,2182,475,1766,608,0,72,38,489,0,5,14,0,6,0,109,8,421,669,1423,712,280
475,2009,Nashik Region,Malegaon,16239,759,40,1297,195,0,84,17,790,0,22,4,0,1,0,112,1,598,117,2333,1902,1
476,2009,Dhule Region,Dhule,9186,1635,805,1248,330,0,63,38,444,0,30,2,4,9,63,371,28,162,290,816,541,40
477,2009,Dhule Region,Jalgaon,22034,1735,578,1612,267,0,51,36,1402,26,19,15,1,33,0,237,16,65,715,1522,893,62
478,2009,Dhule Region,Nandurbar,5714,831,242,747,264,281,4,1,3,0,6,0,0,0,0,21,0,77,156,697,389,0
479,2009,Aurangabad Region,Aurangabad,35487,2192,0,1879,456,0,0,0,778,676,79,51,104,20,0,393,37,660,1616,918,451,0
480,2009,Aurangabad Region,Jalna,10873,209,338,861,294,0,0,2,437,0,2,3,0,2,0,36,7,66,364,701,299,29
481,2009,Aurangabad Region,Beed,4479,70,478,241,421,0,0,0,489,0,0,0,0,0,0,52,2,132,645,373,140,0
482,2009,Latur Region,Latur,10176,1721,1517,1439,426,0,62,34,413,0,4,9,4,4,0,137,4,169,369,436,249,52
483,2009,Latur Region,Osmanabad,7177,750,214,447,194,0,0,34,235,0,0,4,0,3,0,162,0,209,73,513,216,79
484,2009,Latur Region,Ambejogai,5439,0,107,457,149,0,0,4,536,0,0,4,0,0,8,49,0,7,209,248,170,5
485,2009,Nanded Region,Nanded,13725,1047,1951,1327,616,0,0,100,2296,0,19,7,6,7,0,229,2,105,566,423,296,7
486,2009,Nanded Region,Parbhani,9511,247,160,579,322,0,2,5,861,0,0,7,0,4,56,201,3,25,230,474,203,12
487,2009,Nanded Region,Hingoli,4821,0,19,265,118,0,0,1,333,0,3,0,3,0,0,17,0,71,91,318,134,7
488,2009,Amrawati Region,Amrawati,19662,1467,1795,1820,232,0,0,10,571,2,22,8,1,66,0,295,0,290,68,643,374,16
489,2009,Amrawati Region,Buldhana,9990,595,940,409,304,0,0,5,1110,0,0,12,0,24,0,76,1,330,183,870,474,11
490,2009,Amrawati Region,Yawatmal,12718,3901,1504,1234,342,0,0,16,794,0,13,16,9,9,0,128,0,277,156,596,445,0
491,2009,Amrawati Region,Akola,10877,4363,99,1427,98,0,0,33,681,0,4,15,0,39,0,100,1,332,165,627,446,20
492,2009,Amrawati Region,Washim,5491,614,122,326,154,0,0,4,603,0,1,6,0,13,0,5,3,111,94,416,293,1
493,2009,Nagpur(U) Region,Nagpur,29256,17971,10975,8559,2677,0,0,276,810,78,142,148,38,113,18,734,474,838,341,142,140,16
494,2009,Nagpur(U) Region,Wardha,6710,0,2507,489,226,0,0,49,492,1,5,6,5,8,1,59,1,171,145,326,194,27
495,2009,Nagpur(U) Region,Nagpur(East),0,0,0,0,0,0,0,0,0,0,0,0,0,0,0,0,0,0,0,0,0,0
496,2009,Nagpur(R) Region,Nagpur,14133,2840,3883,1072,751,0,0,60,461,301,33,24,0,11,54,319,6,471,76,912,267,59
497,2009,Nagpur(R) Region,Gadchiroli,3946,750,46,211,45,0,0,12,68,0,6,3,0,15,0,12,2,50,14,330,134,0
498,2009,Nagpur(R) Region,Chandrapur,13528,1928,1781,1968,265,3,61,45,361,0,19,23,3,34,78,420,17,360,52,657,349,60
499,2009,Nagpur(R) Region,Gondia,8551,704,192,494,143,0,30,8,143,0,10,0,0,19,0,52,0,127,14,330,230,11
500,2009,Nagpur(R) Region,Bhandara,6083,1476,455,406,80,0,0,34,64,0,6,2,0,1,0,39,1,100,20,484,188,5
501,2010,Greater Mumbai,Mumbai(C),16938,7633,1,18515,258,0,5175,573,0,552,0,0,0,10,0,2,0,358,272,0,0,6
502,2010,Greater Mumbai,Mumbai(W),30636,11161,7,26380,208,0,924,517,4504,0,244,275,10,48,0,75,0,468,1121,0,0,0
503,2010,Greater Mumbai,Mumbai€,0,0,0,0,0,0,0,0,0,0,0,0,0,0,0,0,0,0,0,0,0,0
504,2010,Greater Mumbai,Borivali,19850,3381,5,12246,264,2,1276,298,3310,0,12,90,0,17,0,0,0,310,516,0,0,2
505,2010,Thane Region,Thane,57372,12630,67,29181,884,0,236,3173,1478,195,1047,19,52,129,65,3165,790,3738,6605,122,671,431
506,2010,Thane Region,Kalyan,33541,253,0,8231,213,0,22,163,744,10,62,2,7,24,2,269,1,583,684,31,7,18
507,2010,Thane Region,Vashi Navi Mumbai,16361,271,0,13042,222,0,0,630,444,116,314,35,43,39,2,1717,168,309,1237,0,694,20
508,2010,Thane Region,Vasai,0,0,0,0,0,0,0,0,0,0,0,0,0,0,0,0,0,0,0,0,0,0
509,2010,Panvel Region,Panvel,0,0,0,0,0,0,0,0,0,0,0,0,0,0,0,0,0,0,0,0,0,0
510,2010,Panvel Region,Pen-Raigad,22137,0,0,8581,997,0,0,443,157,16,50,20,49,25,1573,1006,223,1232,252,187,40,293
511,2010,Panvel Region,Ratnagiri,8671,3901,317,2048,587,2,0,35,384,2,18,11,24,12,10,263,0,656,251,9,12,160
512,2010,Panvel Region,Sindhudurg,6444,1644,308,1315,368,0,49,0,525,532,6,0,1,10,0,511,2,422,82,22,6,0
513,2010,Kolhapur Region,Kolhapur,52057,4946,575,6392,916,0,52,71,229,0,57,41,5,9,57,769,68,1050,816,1404,1229,143
514,2010,Kolhapur Region,Sangli,29591,2150,2710,3673,1053,0,177,0,67,0,0,21,1,14,0,820,1,1209,462,1733,955,160
515,2010,Kolhapur Region,Satara,30555,3802,3437,4722,984,0,88,295,266,7,12,52,5,17,0,1048,5,1528,454,2032,1257,158
516,2010,Kolhapur Region,Karad,0,0,0,0,0,0,0,0,0,0,0,0,0,0,0,0,0,0,0,0,0,0
517,2010,Pune Region,Pune,127960,0,0,39430,1069,0,0,1474,1385,0,685,190,0,54,0,3443,319,2119,2186,649,56,585
518,2010,Pune Region,Solapur,26186,2927,2315,2155,816,0,0,73,324,26,15,11,15,11,0,207,32,395,857,1215,850,2
519,2010,Pune Region,Pimpri-Chinchwad,72227,0,0,20403,134,0,0,1457,273,267,533,0,0,39,0,1118,6,2005,911,701,58,383
520,2010,Pune Region,Baramati,19332,1019,1,2443,185,2,0,21,73,4,11,8,1,5,0,384,6,696,384,1663,1567,77
521,2010,Pune Region,Akluj,14982,0,0,1463,108,0,0,17,154,0,9,0,0,1,0,152,0,561,13,963,649,77
522,2010,Nashik Region,Nashik,56205,6757,148,11307,993,0,116,198,740,100,158,43,1,28,2,551,88,2288,514,3701,1719,169
523,2010,Nashik Region,Ahmednagar,24173,4231,452,2566,591,0,0,187,227,1,4,8,4,9,0,452,23,927,428,2021,1890,161
524,2010,Nashik Region,Srirampur,24446,4441,4761,2399,776,0,166,116,178,0,13,24,0,1,61,197,10,569,855,1745,979,186
525,2010,Nashik Region,Malegaon,18516,372,441,1840,28,0,81,21,722,0,2,27,0,9,0,222,0,288,434,2261,1715,0
526,2010,Dhule Region,Dhule,14666,1338,1227,1365,535,0,37,39,339,0,4,6,0,5,0,817,20,176,364,1173,832,41
527,2010,Dhule Region,Jalgaon,29738,5139,810,1760,310,1,128,22,1083,0,17,24,4,11,0,391,7,166,1167,2224,1195,29
528,2010,Dhule Region,Nandurbar,6730,1774,54,1003,384,153,15,0,10,0,2,0,0,1,0,17,1,180,263,999,451,2
529,2010,Aurangabad Region,Aurangabad,37377,1010,0,1847,889,0,0,0,1038,689,51,53,138,23,0,386,14,1010,1606,1179,599,0
530,2010,Aurangabad Region,Jalna,17300,395,957,1000,341,0,0,0,265,0,7,21,0,0,0,99,2,141,516,997,356,24
531,2010,Aurangabad Region,Beed,5735,216,208,328,444,0,0,0,465,0,0,0,0,0,0,144,0,286,539,382,130,0
532,2010,Latur Region,Latur,13421,1784,2475,1733,576,0,5,71,384,0,0,22,0,5,0,217,0,302,603,586,208,74
533,2010,Latur Region,Osmanabad,10123,1087,248,688,279,0,0,89,144,0,0,4,2,2,0,381,1,283,89,844,248,22
534,2010,Latur Region,Ambejogai,7375,313,159,505,192,0,0,0,87,0,0,5,1,0,1,78,0,33,218,654,368,15
535,2010,Nanded Region,Nanded,18187,981,1430,1488,972,0,221,18,1760,0,40,28,3,0,0,599,1,731,478,572,334,70
536,2010,Nanded Region,Parbhani,14647,205,302,844,362,0,8,7,954,0,5,4,0,2,27,140,50,42,380,659,172,18
537,2010,Nanded Region,Hingoli,6084,6,1,403,154,0,0,0,258,0,5,2,0,0,0,6,0,92,49,348,121,2
538,2010,Amrawati Region,Amrawati,25322,3880,1087,2555,237,9,29,19,275,4,10,15,3,5,0,209,0,377,83,1073,425,22
539,2010,Amrawati Region,Buldhana,9509,608,1127,937,359,0,145,68,343,0,0,16,0,6,0,182,0,424,340,1676,599,10
540,2010,Amrawati Region,Yawatmal,13747,4933,1653,1738,237,0,20,9,411,0,28,25,9,1,0,276,0,400,165,376,207,0
541,2010,Amrawati Region,Akola,12195,4905,728,1428,68,0,42,47,423,0,12,13,2,9,3,85,11,495,166,903,419,33
542,2010,Amrawati Region,Washim,6326,1113,104,433,207,0,2,5,372,0,0,10,0,0,0,17,9,261,88,658,340,4
543,2010,Nagpur(U) Region,Nagpur,41989,23844,620,10148,2205,0,0,270,866,26,64,49,15,66,31,448,252,970,395,136,87,51
544,2010,Nagpur(U) Region,Wardha,6184,0,2524,605,342,0,0,21,53,0,9,6,6,7,0,45,0,261,151,508,165,49
545,2010,Nagpur(U) Region,Nagpur(East),0,0,0,0,0,0,0,0,0,0,0,0,0,0,0,0,0,0,0,0,0,0
546,2010,Nagpur(R) Region,Nagpur,18515,5833,3637,1617,1108,0,0,61,203,153,63,20,2,22,110,939,0,700,107,1050,220,88
547,2010,Nagpur(R) Region,Gadchiroli,5096,1222,31,351,91,0,0,28,8,0,19,1,7,46,0,23,0,136,8,458,236,0
548,2010,Nagpur(R) Region,Chandrapur,16738,2806,2832,2352,282,3,51,59,63,0,19,21,1,28,96,669,6,526,93,815,303,83
549,2010,Nagpur(R) Region,Gondia,11353,770,274,646,225,0,0,20,24,0,8,15,0,5,0,81,1,159,13,480,175,17
550,2010,Nagpur(R) Region,Bhandara,7468,1622,978,633,88,0,0,39,38,1,0,7,2,7,0,68,0,201,12,724,221,11
551,2011,Greater Mumbai,Mumbai(C),18811,9548,0,17483,168,0,4482,825,0,0,8,3,0,0,0,0,0,380,273,0,0,0
552,2011,Greater Mumbai,Mumbai(W),31679,14295,24,30889,2769,0,821,1132,2890,0,2,389,7,32,0,118,0,540,1201,41,0,0
553,2011,Greater Mumbai,Mumbai€,0,0,0,0,0,0,0,0,0,0,0,0,0,0,0,0,0,0,0,0,0,0
554,2011,Greater Mumbai,Borivali,20501,6114,32,12430,113,0,747,473,3302,0,18,145,1,26,0,14,0,302,607,0,2,0
555,2011,Thane Region,Thane,50076,14534,355,27896,1021,20,33,3369,1230,43,1244,29,21,115,77,4215,830,5647,7785,96,625,87
556,2011,Thane Region,Kalyan,38907,0,0,10114,27,0,7,189,619,23,104,7,0,34,0,303,76,899,1030,17,31,208
557,2011,Thane Region,Vashi Navi Mumbai,15188,81,0,13184,104,0,37,698,493,11,251,136,32,28,0,1067,220,643,1462,0,381,57
558,2011,Thane Region,Vasai,0,0,0,0,0,0,0,0,0,0,0,0,0,0,0,0,0,0,0,0,0,0
559,2011,Panvel Region,Panvel,25313,589,0,13733,50,0,0,529,176,3,108,147,112,96,1596,1513,219,1303,227,81,34,384
560,2011,Panvel Region,Pen-Raigad,14191,0,0,3306,584,0,0,163,32,268,53,4,16,40,121,528,27,1025,152,151,96,171
561,2011,Panvel Region,Ratnagiri,10858,3882,112,2599,443,0,1,52,344,0,40,8,6,19,2,402,5,789,240,0,8,345
562,2011,Panvel Region,Sindhudurg,7041,2431,139,1157,241,0,1,8,488,548,20,1,10,20,0,1092,0,496,112,8,11,16
563,2011,Kolhapur Region,Kolhapur,66377,4648,1075,8486,855,0,38,66,150,0,111,81,4,40,344,1285,45,1882,1476,2505,2796,289
564,2011,Kolhapur Region,Sangli,36092,5033,2628,3913,845,0,24,45,149,0,0,37,6,10,47,810,20,1842,456,2504,2267,155
565,2011,Kolhapur Region,Satara,33827,3926,3797,4808,963,0,0,430,114,19,18,30,3,26,0,1067,1,1930,414,2165,2263,131
566,2011,Kolhapur Region,Karad,5431,222,417,750,125,0,0,90,11,0,5,12,15,3,0,221,1,304,60,369,195,29
567,2011,Pune Region,Pune,155401,137,2,47862,1331,1,0,1936,2283,0,653,51,0,71,115,2220,127,2567,3002,715,4,536
568,2011,Pune Region,Solapur,35830,4607,2334,2668,958,0,0,89,128,0,5,18,14,31,1,179,30,457,790,3530,627,210
569,2011,Pune Region,Pimpri-Chinchwad,84039,0,0,22444,0,0,0,1959,294,481,545,148,56,75,0,1641,42,3155,1457,1201,153,432
570,2011,Pune Region,Baramati,18247,522,0,2085,73,0,0,26,5,0,10,1,21,18,0,451,1,968,325,1883,2131,95
571,2011,Pune Region,Akluj,17788,0,0,1260,662,0,0,0,0,0,0,0,0,1,0,333,2,587,351,1262,1431,221
572,2011,Nashik Region,Nashik,61866,11489,138,12567,1738,0,26,189,781,0,263,47,6,56,9,657,110,2651,740,3487,1610,215
573,2011,Nashik Region,Ahmednagar,33083,5014,1023,3531,357,0,2,94,52,0,3,23,15,3,38,631,24,708,752,2464,911,48
574,2011,Nashik Region,Srirampur,35721,410,1988,3257,934,0,30,103,49,0,26,45,4,14,1,211,52,876,816,1104,1612,81
575,2011,Nashik Region,Malegaon,19321,483,165,1713,0,0,10,18,534,0,9,22,0,14,0,309,0,372,357,1984,1866,0
576,2011,Dhule Region,Dhule,15460,2234,504,1879,333,23,14,22,357,0,11,7,15,10,0,1094,9,279,172,1348,943,21
577,2011,Dhule Region,Jalgaon,37276,6733,1193,2773,611,0,33,44,1485,25,14,24,1,18,0,356,7,111,1157,2566,1244,30
578,2011,Dhule Region,Nandurbar,7603,2350,0,937,373,0,1,0,227,0,0,0,0,42,0,32,3,166,335,1334,564,3
579,2011,Aurangabad Region,Aurangabad,65650,2442,20,2960,1691,0,0,0,854,660,88,75,250,18,0,688,41,1478,2811,1074,520,0
580,2011,Aurangabad Region,Jalna,20083,146,1237,1020,497,0,0,0,407,0,0,11,0,0,0,101,8,77,466,1490,581,33
581,2011,Aurangabad Region,Beed,6750,315,245,264,314,0,0,0,339,0,0,0,0,0,0,159,0,338,475,364,27,0
582,2011,Latur Region,Latur,15765,3494,2694,2065,809,0,0,73,690,0,24,39,0,6,0,215,0,245,680,1092,348,20
583,2011,Latur Region,Osmanabad,12210,848,136,768,417,0,0,110,192,0,1,20,0,10,0,134,8,340,81,1185,387,48
584,2011,Latur Region,Ambejogai,7420,334,592,474,276,0,0,0,27,0,1,4,1,3,11,63,20,51,208,600,252,23
585,2011,Nanded Region,Nanded,32246,2098,2389,2711,2067,0,783,0,3280,0,62,51,0,0,3,1943,7,1711,1260,1374,783,34
586,2011,Nanded Region,Parbhani,15121,118,199,707,540,0,0,10,1071,0,12,5,0,18,13,105,14,75,424,630,230,19
587,2011,Nanded Region,Hingoli,8244,260,24,695,213,0,0,0,160,0,2,1,0,0,0,24,0,160,87,421,82,0
588,2011,Amrawati Region,Amrawati,30249,4208,554,3007,356,12,9,20,646,0,28,8,0,32,0,281,2,685,77,1157,525,24
589,2011,Amrawati Region,Buldhana,19732,1739,1004,850,431,0,6,80,1009,0,1,30,14,24,0,149,1,364,347,1716,800,0
590,2011,Amrawati Region,Yawatmal,15279,5269,703,1880,456,3,0,44,462,0,21,30,0,4,2,357,0,818,128,420,244,0
591,2011,Amrawati Region,Akola,16071,6959,278,1814,115,0,6,29,951,0,15,11,1,12,2,131,36,588,120,897,556,63
592,2011,Amrawati Region,Washim,5001,858,84,352,179,0,0,3,499,0,4,3,0,4,0,30,0,340,52,804,346,1
593,2011,Nagpur(U) Region,Nagpur,42354,26548,0,10167,2202,0,0,243,1129,0,160,39,7,37,0,376,181,1374,531,100,62,100
594,2011,Nagpur(U) Region,Wardha,6722,0,2681,970,288,0,0,16,3,0,5,15,14,16,13,98,8,440,171,547,170,93
595,2011,Nagpur(U) Region,Nagpur(East),0,0,0,0,0,0,0,0,0,0,0,0,0,0,0,0,0,0,0,0,0,0
596,2011,Nagpur(R) Region,Nagpur,22043,3881,4499,2222,1430,0,1,34,175,438,50,63,4,20,116,1720,2,1136,172,977,364,147
597,2011,Nagpur(R) Region,Gadchiroli,5437,1358,34,431,147,0,0,19,6,0,1,3,0,22,0,35,10,182,0,549,240,23
598,2011,Nagpur(R) Region,Chandrapur,19610,3515,3394,2235,382,1,24,53,59,0,23,34,4,23,143,939,3,934,79,979,430,118
599,2011,Nagpur(R) Region,Gondia,12494,814,330,650,321,0,0,10,0,0,14,5,3,13,0,174,9,292,28,509,253,13
600,2011,Nagpur(R) Region,Bhandara,10609,2389,804,915,108,0,0,1,51,0,2,8,4,15,41,106,0,279,18,833,506,16
601,2012,Greater Mumbai,Mumbai(C),18232,13341,15,14986,16,0,2643,606,0,0,0,0,0,0,0,0,0,288,205,0,0,7
602,2012,Greater Mumbai,Mumbai(W),31172,13584,31,28656,1316,0,744,996,4813,0,22,163,6,25,0,293,0,468,968,0,0,0
603,2012,Greater Mumbai,Mumbai€,0,0,0,0,0,0,0,0,0,0,0,0,0,0,0,0,0,0,0,0,0,0
604,2012,Greater Mumbai,Borivali,19681,9237,32,11081,116,0,637,465,5164,0,12,142,10,20,0,33,0,190,508,0,0,6
605,2012,Thane Region,Thane,46957,8314,13,28852,523,7,0,3280,1543,37,1511,99,55,126,104,3996,453,5926,5630,167,344,367
606,2012,Thane Region,Kalyan,42525,0,0,10999,10,35,6,304,603,230,63,29,26,32,4,244,393,1164,152,12,34,0
607,2012,Thane Region,Vashi Navi Mumbai,17479,26,0,11942,0,0,47,851,628,4,275,171,10,30,901,601,254,515,1567,0,494,49
608,2012,Thane Region,Vasai,25757,6881,99,9727,1,20,0,86,273,5,142,40,5,41,265,301,295,1829,249,11,6,119
609,2012,Panvel Region,Panvel,26237,0,0,12627,0,0,0,446,284,1,54,78,29,23,1622,856,276,759,862,143,18,218
610,2012,Panvel Region,Pen-Raigad,15780,0,0,3415,536,0,0,129,47,654,26,24,7,36,43,265,33,1076,145,141,34,177
611,2012,Panvel Region,Ratnagiri,12582,3303,0,2498,405,0,0,27,663,0,40,25,8,25,0,415,13,1048,263,24,4,68
612,2012,Panvel Region,Sindhudurg,6939,3515,0,1216,272,0,2,4,356,275,9,6,2,5,0,296,1,682,50,9,11,13
613,2012,Kolhapur Region,Kolhapur,62899,6753,731,8147,520,0,12,65,320,48,110,43,10,34,216,793,30,1999,737,5052,1711,254
614,2012,Kolhapur Region,Sangli,24862,2566,6216,3364,1167,0,15,52,489,0,4,53,1,13,17,535,12,1321,752,2195,699,123
615,2012,Kolhapur Region,Satara,27853,3687,3615,3686,950,0,0,410,119,0,18,33,3,40,0,570,12,1613,296,1792,848,163
616,2012,Kolhapur Region,Karad,10163,1142,919,1249,351,0,0,105,31,0,9,8,3,85,0,198,0,476,134,447,345,37
617,2012,Pune Region,Pune,146088,152,0,46433,941,0,0,1032,2731,0,344,0,0,27,37,657,55,2641,1016,270,2,130
618,2012,Pune Region,Solapur,33698,4684,2261,2512,1098,0,0,130,139,0,0,39,19,16,0,184,41,205,1455,804,215,227
619,2012,Pune Region,Pimpri-Chinchwad,83171,0,0,24575,0,0,0,2233,386,545,513,72,32,86,0,1005,24,3019,1062,1027,92,228
620,2012,Pune Region,Baramati,16841,484,0,2510,119,0,0,26,7,0,35,31,16,6,0,325,30,865,204,1043,468,89
621,2012,Pune Region,Akluj,13678,0,0,1041,207,0,0,0,37,0,1,15,3,7,0,179,0,477,415,1116,314,105
622,2012,Nashik Region,Nashik,57267,14095,293,11735,1775,0,14,165,857,0,168,42,0,71,2,493,109,3182,645,4895,740,269
623,2012,Nashik Region,Ahmednagar,23467,5191,1171,2649,636,0,2,94,0,0,7,13,4,19,1,303,27,953,387,1439,263,80
624,2012,Nashik Region,Srirampur,34878,662,62,3223,538,0,0,46,63,0,30,70,3,12,27,175,54,930,662,1511,725,127
625,2012,Nashik Region,Malegaon,21277,611,165,2169,3,0,5,14,437,0,0,21,0,18,0,201,0,520,349,1429,616,0
626,2012,Dhule Region,Dhule,16183,1498,420,2149,275,0,4,25,324,25,0,11,1,44,115,564,1,199,332,1140,386,12
627,2012,Dhule Region,Jalgaon,30682,5475,933,2333,849,0,0,27,1318,0,25,32,8,46,0,201,4,99,1087,1606,454,27
628,2012,Dhule Region,Nandurbar,7731,0,1780,916,93,32,0,208,0,2,0,2,0,7,0,56,4,9,638,1023,252,15
629,2012,Aurangabad Region,Aurangabad,68847,2644,16,3171,1383,0,0,0,943,646,125,127,286,41,0,849,66,1691,2962,1143,468,0
630,2012,Aurangabad Region,Jalna,14770,531,865,928,451,0,0,0,225,0,0,9,2,8,0,96,3,65,568,921,138,27
631,2012,Aurangabad Region,Beed,8902,693,432,585,697,0,0,0,210,0,0,0,0,0,0,179,0,585,866,529,178,0
632,2012,Latur Region,Latur,15039,4074,2721,2134,1026,0,0,52,224,58,30,46,0,13,0,206,9,721,329,485,97,48
633,2012,Latur Region,Osmanabad,11238,1211,196,818,406,0,0,119,146,0,3,10,1,6,0,140,0,452,104,1184,124,35
634,2012,Latur Region,Ambejogai,6681,847,138,398,404,0,0,0,17,0,0,7,1,5,7,56,4,23,253,475,70,29
635,2012,Nanded Region,Nanded,49720,1423,2072,2611,211,0,0,184,2054,0,0,67,0,44,0,898,9,642,1075,470,333,58
636,2012,Nanded Region,Parbhani,14881,204,352,705,908,0,0,6,1219,0,7,5,0,11,13,116,11,16,679,787,176,31
637,2012,Nanded Region,Hingoli,8834,489,25,516,272,0,9,0,194,0,27,0,0,5,0,22,0,236,47,370,55,5
638,2012,Amrawati Region,Amrawati,31264,4499,416,2466,312,11,41,19,330,0,32,35,20,40,0,284,4,824,140,1511,146,20
639,2012,Amrawati Region,Buldhana,19316,1223,581,977,489,0,0,71,886,0,0,14,2,4,0,159,0,141,665,1508,391,3
640,2012,Amrawati Region,Yawatmal,16452,5006,714,1886,577,0,72,6,420,0,33,28,13,1,0,195,0,874,144,908,132,2
641,2012,Amrawati Region,Akola,16680,6626,205,1628,135,0,10,15,778,0,7,7,0,8,0,112,33,786,101,937,195,48
642,2012,Amrawati Region,Washim,8963,1442,239,422,352,0,0,1,597,0,4,12,0,9,1,37,5,362,58,1209,151,0
643,2012,Nagpur(U) Region,Nagpur,21988,8573,0,5955,1420,0,0,138,397,0,29,34,0,30,0,131,31,773,313,32,15,6
644,2012,Nagpur(U) Region,Wardha,14691,0,7023,884,319,0,0,2,10,0,1,16,13,4,10,78,2,567,218,556,61,62
645,2012,Nagpur(U) Region,Nagpur(East),24516,637,0,3177,0,0,0,67,391,0,2,59,7,18,0,126,2,715,257,12,0,0
646,2012,Nagpur(R) Region,Nagpur,28954,4373,180,2484,1526,0,0,86,581,513,31,129,85,25,213,1738,1,1443,90,925,294,159
647,2012,Nagpur(R) Region,Gadchiroli,6586,1628,4,500,169,0,0,23,2,0,5,3,0,11,0,24,0,241,3,496,138,13
648,2012,Nagpur(R) Region,Chandrapur,19245,3754,4044,2267,478,0,0,48,56,0,24,24,1,37,83,593,14,971,72,802,170,81
649,2012,Nagpur(R) Region,Gondia,12883,1033,434,648,319,0,0,4,0,2,30,33,1,10,0,189,5,239,24,399,110,21
650,2012,Nagpur(R) Region,Bhandara,10417,2117,0,861,196,0,0,7,52,0,1,20,0,13,1,101,2,216,73,468,240,10
651,2013,Greater Mumbai,Mumbai(C),15013,14012,20,14168,7,0,4058,554,0,0,0,0,0,0,0,0,0,310,205,0,0,14
652,2013,Greater Mumbai,Mumbai(W),30330,13929,23,28839,2,0,919,902,7624,0,3,241,13,40,0,210,5,364,873,0,0,0
653,2013,Greater Mumbai,Mumbai€,0,0,0,0,0,0,0,0,0,0,0,0,0,0,0,0,0,0,0,0,0,0
654,2013,Greater Mumbai,Borivali,18750,10237,79,11185,47,0,696,473,7479,0,30,90,2,17,0,21,0,156,479,0,0,5
655,2013,Thane Region,Thane,48805,10175,48,19759,1742,0,0,2297,4568,0,1034,82,94,13,1507,8846,2480,1936,210,43,747,178
656,2013,Thane Region,Kalyan,44469,0,0,8745,2,0,23,177,2204,1320,134,97,2,24,7,219,32,328,1273,48,15,27
657,2013,Thane Region,Vashi Navi Mumbai,16662,0,0,8388,0,0,0,439,1663,1,161,99,10,16,3,843,157,215,1022,0,233,15
658,2013,Thane Region,Vasai,26439,8551,104,8378,38,11,0,273,755,9,55,41,1,26,32,257,163,1642,534,9,16,94
659,2013,Panvel Region,Panvel,25574,0,0,13577,0,0,0,445,172,0,115,165,29,21,908,837,201,695,803,51,23,184
660,2013,Panvel Region,Pen-Raigad,16035,0,0,2989,510,0,0,177,181,68,62,135,33,10,7,156,17,1035,74,97,2,109
661,2013,Panvel Region,Ratnagiri,8527,5159,0,1796,368,0,0,16,186,1,29,14,6,32,2,309,19,816,369,19,0,81
662,2013,Panvel Region,Sindhudurg,6922,4484,0,1211,216,0,4,6,269,50,14,7,1,6,0,141,1,652,29,6,2,18
663,2013,Kolhapur Region,Kolhapur,61613,6798,1075,7857,532,0,0,29,361,0,8,75,47,18,63,668,18,1519,591,4065,1599,368
664,2013,Kolhapur Region,Sangli,30535,6477,896,3555,1289,0,6,61,180,0,12,145,9,8,26,383,7,1768,213,2439,795,123
665,2013,Kolhapur Region,Satara,27222,4977,4003,3637,862,0,24,212,123,0,30,68,2,17,0,566,5,1691,291,2178,835,99
666,2013,Kolhapur Region,Karad,12194,626,4,1052,310,0,17,67,32,0,5,60,0,5,0,218,0,468,105,471,268,14
667,2013,Pune Region,Pune,86644,58762,388,41503,4,0,30,903,1928,0,574,0,88,25,218,1581,65,463,1814,1641,145,252
668,2013,Pune Region,Solapur,37394,7043,2088,3475,496,0,0,80,244,0,20,65,4,7,0,310,21,794,759,1645,308,54
669,2013,Pune Region,Pimpri-Chinchwad,69376,19060,1,21949,391,1,0,1677,444,595,667,46,6,372,3,633,46,2031,1574,1392,14,142
670,2013,Pune Region,Baramati,22728,452,0,3095,30,0,0,27,25,0,24,43,4,5,0,279,44,1084,218,1344,528,78
671,2013,Pune Region,Akluj,11824,0,0,1211,0,0,0,1,0,0,3,29,0,5,0,175,0,718,324,916,349,85
672,2013,Nashik Region,Nashik,59830,17079,404,12477,74,1,1,84,553,13,150,90,0,52,0,404,31,3325,593,6126,746,257
673,2013,Nashik Region,Ahmednagar,26053,7341,861,3011,467,0,0,95,7,0,10,39,6,22,28,248,23,1505,355,2208,0,111
674,2013,Nashik Region,Srirampur,39477,1412,198,3069,513,0,0,17,56,0,17,84,5,13,15,134,41,1073,657,2516,421,115
675,2013,Nashik Region,Malegaon,23232,682,2214,2296,16,0,1,9,255,0,0,21,0,18,0,141,4,582,320,3110,1394,13
676,2013,Dhule Region,Dhule,18985,2285,902,1714,467,1,2,79,330,0,7,19,1,8,298,347,115,102,563,1313,514,50
677,2013,Dhule Region,Jalgaon,33657,6100,5389,2099,859,0,5,21,1369,0,28,44,0,10,0,248,18,125,970,2118,650,16
678,2013,Dhule Region,Nandurbar,10599,3359,87,699,384,6,4,0,1,0,0,11,0,1,0,24,0,77,472,1157,400,91
679,2013,Aurangabad Region,Aurangabad,74806,2878,187,3304,1773,0,0,96,1043,526,202,112,305,49,0,948,80,1926,3420,1114,473,0
680,2013,Aurangabad Region,Jalna,18727,1632,547,925,399,0,0,0,272,0,0,33,3,1,0,111,0,127,721,1183,291,38
681,2013,Aurangabad Region,Beed,8934,593,374,597,661,0,0,0,240,0,0,0,0,0,0,221,57,589,787,461,98,0
682,2013,Latur Region,Latur,13487,1816,1830,1902,802,0,35,0,300,44,14,116,0,9,0,110,32,722,213,745,11,65
683,2013,Latur Region,Osmanabad,10215,1359,224,704,318,0,0,73,82,0,1,37,0,12,0,160,5,583,183,1387,183,22
684,2013,Latur Region,Ambejogai,7908,1130,615,636,282,0,0,23,0,0,6,20,0,6,0,71,5,260,102,214,0,31
685,2013,Nanded Region,Nanded,40196,242,865,1909,9,0,99,0,987,0,0,70,0,14,0,321,2,1086,1157,639,228,56
686,2013,Nanded Region,Parbhani,14343,190,222,647,470,0,0,27,883,0,5,9,0,2,0,112,3,11,694,980,115,30
687,2013,Nanded Region,Hingoli,5468,316,48,460,44,0,0,7,115,0,9,1,0,1,0,16,3,289,66,817,50,0
688,2013,Amrawati Region,Amrawati,34326,5768,414,2851,498,2,0,71,186,0,35,42,91,18,0,251,6,800,158,1938,929,22
689,2013,Amrawati Region,Buldhana,20110,1571,1072,1080,525,0,0,29,371,0,0,37,18,6,0,188,0,195,697,2280,605,33
690,2013,Amrawati Region,Yawatmal,16796,5598,885,1565,492,0,0,53,250,0,10,23,19,1,0,116,0,698,233,1017,385,4
691,2013,Amrawati Region,Akola,18688,7752,325,1637,88,0,0,31,916,6,7,27,1,15,0,81,28,699,134,1458,773,42
692,2013,Amrawati Region,Washim,10297,1782,295,524,322,0,0,3,508,0,3,12,2,5,0,38,0,277,62,1328,989,7
693,2013,Nagpur(U) Region,Nagpur,9207,6543,36,3607,734,0,9,59,605,0,15,237,0,21,0,74,1,316,150,14,5,0
694,2013,Nagpur(U) Region,Wardha,4299,0,1943,1052,143,0,0,9,16,0,14,98,0,6,24,48,3,459,224,758,98,64
695,2013,Nagpur(U) Region,Nagpur(East),26148,9202,9,3058,880,0,1,67,1312,0,21,386,3,38,21,206,13,881,574,0,4,0
696,2013,Nagpur(R) Region,Nagpur,27971,6864,103,3149,1146,0,0,78,126,370,57,369,35,36,89,977,6,1641,160,1289,318,126
697,2013,Nagpur(R) Region,Gadchiroli,7993,1789,3,540,185,0,0,24,0,0,4,10,0,9,0,48,0,278,7,552,229,5
698,2013,Nagpur(R) Region,Chandrapur,15131,5504,3692,1736,248,0,0,56,93,0,16,39,7,17,33,330,13,792,97,969,234,76
699,2013,Nagpur(R) Region,Gondia,13953,1331,430,645,256,0,0,7,0,0,2,38,5,7,0,196,5,270,36,591,273,22
700,2013,Nagpur(R) Region,Bhandara,10228,4948,119,733,217,0,0,7,47,0,10,36,0,4,0,126,4,329,93,793,300,11
701,2014,Greater Mumbai,Mumbai(C),13562,15802,78,14715,108,0,3569,880,0,0,140,0,0,0,0,0,0,910,34,0,0,17
702,2014,Greater Mumbai,Mumbai(W),38728,19664,49,31602,1035,53,535,325,9903,0,138,128,21,40,0,315,9,570,1384,0,0,0
703,2014,Greater Mumbai,Mumbai€,0,0,0,0,0,0,0,0,0,0,0,0,0,0,0,0,0,0,0,0,0,0
704,2014,Greater Mumbai,Borivali,18729,13931,135,12788,107,0,874,1113,10793,0,16,85,1,22,0,32,0,707,601,0,0,3
705,2014,Thane Region,Thane,50256,15435,252,16156,3191,0,5,1420,5439,0,575,154,0,58,10,3005,239,3219,426,84,71,67
706,2014,Thane Region,Kalyan,51106,0,0,9934,0,0,120,220,8161,34,101,54,17,16,81,250,7,415,1460,49,13,56
707,2014,Thane Region,Vashi Navi Mumbai,18455,0,0,10799,0,0,0,1006,3469,43,265,101,15,39,364,1802,241,322,1648,0,0,25
708,2014,Thane Region,Vasai,32409,11221,105,8697,31,13,1,379,2250,5,155,40,4,31,0,897,48,2639,437,26,20,95
709,2014,Panvel Region,Panvel,26432,0,0,15096,1,0,0,790,2167,7,82,110,25,20,2994,2460,116,1500,535,15,0,104
710,2014,Panvel Region,Pen-Raigad,16022,0,0,3075,508,0,0,116,1125,0,40,90,12,19,31,323,48,1074,85,83,16,172
711,2014,Panvel Region,Ratnagiri,8768,5085,1285,1744,526,0,18,0,1558,9,30,10,15,10,1,303,8,694,494,22,6,30
712,2014,Panvel Region,Sindhudurg,7576,5525,0,1217,197,0,3,4,940,0,18,9,2,3,2,184,1,458,20,12,1,6
713,2014,Kolhapur Region,Kolhapur,63654,7292,272,8030,198,0,1,20,1035,0,78,79,14,8,26,422,33,1031,289,3741,2851,143
714,2014,Kolhapur Region,Sangli,27140,8748,0,3113,1088,0,3,40,961,0,4,86,12,5,0,404,14,1365,315,2278,1149,96
715,2014,Kolhapur Region,Satara,26712,6988,5210,3978,876,0,21,211,486,0,23,62,8,17,0,482,24,1539,190,1883,926,60
716,2014,Kolhapur Region,Karad,12826,241,0,1208,320,0,39,93,224,0,6,34,11,4,10,214,0,367,76,411,374,29
717,2014,Pune Region,Pune,145744,20280,175,45943,1,0,3,3207,4708,0,718,710,36,67,1319,1403,228,5327,1062,1675,627,363
718,2014,Pune Region,Solapur,38766,8171,2409,3914,300,0,0,67,1131,47,13,49,7,7,0,351,19,769,312,1997,786,53
719,2014,Pune Region,Pimpri-Chinchwad,64303,33297,44,23215,2113,0,0,2409,832,287,703,63,31,522,0,593,63,1546,1600,1593,10,519
720,2014,Pune Region,Baramati,21410,253,3,2707,5,0,0,26,254,0,21,46,0,6,0,286,11,885,442,1433,408,83
721,2014,Pune Region,Akluj,15667,103,85,1514,119,0,0,0,4,25,17,51,0,0,0,61,0,600,249,1089,392,5
722,2014,Nashik Region,Nashik,55921,21386,1192,12927,6,0,18,395,1589,11,125,231,0,36,0,448,54,1672,1064,6148,874,165
723,2014,Nashik Region,Ahmednagar,27726,9082,1166,3273,725,0,0,63,766,0,4,141,6,10,29,133,7,1335,215,1991,1,87
724,2014,Nashik Region,Srirampur,36679,2454,318,3379,375,0,0,34,52,0,64,48,0,5,0,134,28,652,526,2635,484,81
725,2014,Nashik Region,Malegaon,25925,144,1180,2108,0,0,7,12,149,0,1,20,2,3,0,47,0,449,370,2718,1154,61
726,2014,Dhule Region,Dhule,20938,3528,43,1776,395,0,0,36,485,0,0,22,0,4,211,234,54,92,587,938,430,25
727,2014,Dhule Region,Jalgaon,47061,7036,1077,2249,761,6,0,166,2536,0,32,117,8,0,0,334,4,312,1329,2568,1005,63
728,2014,Dhule Region,Nandurbar,8191,4602,210,857,382,0,4,0,0,0,1,0,0,1,0,10,0,55,115,772,225,1
729,2014,Aurangabad Region,Aurangabad,81220,3508,344,3648,2278,0,0,201,1144,296,184,71,251,19,0,1154,87,2079,3922,1113,489,10
730,2014,Aurangabad Region,Jalna,19294,2008,374,787,317,0,0,5,438,0,10,28,2,2,0,82,10,75,555,1296,150,21
731,2014,Aurangabad Region,Beed,10213,575,462,713,629,0,0,8,165,0,2,1,6,6,0,245,3,569,696,598,91,0
732,2014,Latur Region,Latur,23652,634,1007,1305,736,0,0,73,1162,0,4,64,0,7,33,97,20,389,209,891,173,64
733,2014,Latur Region,Osmanabad,11685,1416,20,840,336,0,0,67,164,0,3,28,1,0,0,269,1,356,171,1151,165,10
734,2014,Latur Region,Ambejogai,7514,778,229,413,249,0,0,2,6,0,1,5,2,0,15,36,21,65,98,392,78,10
735,2014,Nanded Region,Nanded,38050,184,151,2083,0,0,7,0,1534,0,1,52,0,0,0,296,5,405,393,596,330,18
736,2014,Nanded Region,Parbhani,13876,235,156,679,440,0,4,0,769,0,9,16,0,2,0,64,3,11,413,839,248,14
737,2014,Nanded Region,Hingoli,8142,679,64,297,159,0,0,0,210,0,0,0,10,1,0,2,3,177,31,560,189,3
738,2014,Amrawati Region,Amrawati,29966,9165,405,3079,178,0,0,75,740,0,31,137,0,20,0,146,1,461,213,926,702,28
739,2014,Amrawati Region,Buldhana,19411,1618,1225,1446,387,0,7,3,505,0,1,78,0,8,0,77,4,438,223,1885,697,10
740,2014,Amrawati Region,Yawatmal,18327,1647,4922,2028,384,0,0,35,746,0,19,61,0,8,0,65,3,470,199,797,280,13
741,2014,Amrawati Region,Akola,18575,6048,426,1818,85,0,0,17,1408,0,15,33,2,3,0,67,10,449,213,964,504,36
742,2014,Amrawati Region,Washim,6143,3592,1269,523,237,0,1,2,283,0,1,9,0,1,0,26,1,158,66,758,322,6
743,2014,Nagpur(U) Region,Nagpur,12883,0,0,3365,623,0,0,159,909,0,14,77,0,10,0,59,0,241,170,0,2,0
744,2014,Nagpur(U) Region,Wardha,7637,0,0,1160,116,5,0,10,109,0,3,78,0,9,61,52,1,296,203,609,77,13
745,2014,Nagpur(U) Region,Nagpur(East),30075,0,0,3159,1166,0,3,254,1837,0,21,177,4,17,22,85,11,695,846,30,6,0
746,2014,Nagpur(R) Region,Nagpur,31031,9501,90,3332,1410,0,0,129,67,134,88,269,21,25,117,1059,8,1604,137,1031,189,106
747,2014,Nagpur(R) Region,Gadchiroli,8510,2238,0,583,191,0,0,72,24,0,2,11,2,9,0,13,0,176,5,642,196,14
748,2014,Nagpur(R) Region,Chandrapur,17629,9311,688,1722,179,0,0,46,964,0,16,31,11,5,91,258,20,560,105,934,284,41
749,2014,Nagpur(R) Region,Gondia,13431,2434,628,637,328,0,0,19,30,0,19,37,0,3,0,70,0,191,36,491,465,13
750,2014,Nagpur(R) Region,Bhandara,11513,4033,218,883,111,0,0,3,42,0,13,35,0,2,0,124,4,257,97,950,362,27
751,2015,Greater Mumbai,Mumbai(C),14400,15197,55,13165,249,0,2064,2833,0,2,63,3,0,22,0,37,1,664,218,0,3,14
752,2015,Greater Mumbai,Mumbai(W),18568,15457,19,17687,116,34,342,9733,6338,0,88,82,13,26,0,202,6,365,886,0,0,0
753,2015,Greater Mumbai,Mumbai€,19476,18714,95,14036,25,0,106,2807,3075,0,71,9,5,17,0,0,0,1092,0,0,0,0
754,2015,Greater Mumbai,Borivali,21152,17311,88,11390,62,0,696,3987,6270,0,13,58,1,15,0,3,2,710,503,1,0,4
755,2015,Thane Region,Thane,51830,21400,209,16335,2953,10,3,3845,6612,0,1092,209,0,84,0,3553,493,3155,348,42,116,92
756,2015,Thane Region,Kalyan,61855,0,0,10635,0,0,324,847,2157,32,89,86,11,42,85,355,111,83,1871,50,5,75
757,2015,Thane Region,Vashi Navi Mumbai,24404,0,0,10805,0,0,203,1763,2445,44,334,143,11,18,364,2751,267,284,1866,0,0,9
758,2015,Thane Region,Vasai,38868,10315,53,8865,8,0,6,1332,2059,0,233,18,8,37,226,505,24,2798,113,30,1,50
759,2015,Panvel Region,Panvel,24955,6399,5,14293,18,0,56,1409,727,24,67,184,0,34,3032,2515,154,1912,191,2,0,246
760,2015,Panvel Region,Pen-Raigad,18267,0,0,2992,437,0,0,210,274,40,31,54,8,16,24,319,43,782,106,48,16,149
761,2015,Panvel Region,Ratnagiri,7133,3196,814,1540,445,0,0,33,401,0,49,24,4,17,0,208,7,464,465,21,2,25
762,2015,Panvel Region,Sindhudurg,7866,7091,0,1258,327,0,12,7,618,0,28,8,5,5,0,147,1,415,38,7,4,12
763,2015,Kolhapur Region,Kolhapur,59376,15347,3857,8695,82,11,0,93,429,0,133,75,25,11,3,545,26,1214,248,3346,2436,437
764,2015,Kolhapur Region,Sangli,20351,7433,742,3259,974,0,15,70,316,0,0,41,22,6,0,432,116,1019,243,1371,243,78
765,2015,Kolhapur Region,Satara,25393,8933,4900,4205,672,0,86,246,324,0,23,63,4,12,0,484,26,1274,221,1807,882,79
766,2015,Kolhapur Region,Karad,13265,49,0,1256,116,0,30,101,110,0,9,20,4,4,0,278,0,358,94,317,312,9
767,2015,Pune Region,Pune,103529,74233,395,46606,3,0,4,6271,3220,0,1966,584,15,33,1557,2981,24,4350,1379,1720,319,289
768,2015,Pune Region,Solapur,39875,8192,1311,3508,339,0,0,83,599,15,20,92,4,11,0,282,24,856,360,2101,552,42
769,2015,Pune Region,Pimpri-Chinchwad,63392,41096,0,25151,821,0,0,3507,563,775,682,147,69,95,6,562,58,2256,1434,1542,0,679
770,2015,Pune Region,Baramati,17247,518,75,2574,0,0,0,52,72,0,15,42,6,17,107,377,27,1007,169,1066,400,10
771,2015,Pune Region,Akluj,20230,323,17,1839,4,0,0,5,11,0,3,42,0,0,0,95,0,554,262,1332,287,2
772,2015,Nashik Region,Nashik,57354,25215,1872,13432,11,0,0,355,1255,0,207,87,0,47,1,594,52,950,1706,5155,1352,157
773,2015,Nashik Region,Ahmednagar,25326,10236,1042,3376,687,0,0,108,130,0,4,77,1,10,23,356,7,1258,200,2736,535,126
774,2015,Nashik Region,Srirampur,36019,3306,600,3288,6,0,0,103,110,0,25,67,0,17,0,180,36,1007,696,2421,815,90
775,2015,Nashik Region,Malegaon,24976,0,1687,2357,0,0,14,22,226,0,6,39,1,6,9,102,5,616,219,1995,992,75
776,2015,Dhule Region,Dhule,18809,4388,0,1704,344,0,0,66,309,0,27,18,0,5,588,342,53,88,464,705,250,13
777,2015,Dhule Region,Jalgaon,38314,8646,1585,2452,606,0,0,39,1300,0,30,50,0,5,0,299,1,59,1057,1715,596,37
778,2015,Dhule Region,Nandurbar,10340,4219,0,598,470,0,0,0,12,0,0,7,2,1,0,26,0,37,181,755,182,8
779,2015,Aurangabad Region,Aurangabad,63185,8255,95,7774,0,0,21,332,1650,189,198,65,44,15,0,671,20,1515,511,1308,659,118
780,2015,Aurangabad Region,Jalna,17850,2391,337,778,228,0,0,12,141,0,0,56,0,3,5,113,10,427,93,809,256,17
781,2015,Aurangabad Region,Beed,7540,3461,158,477,380,0,0,56,64,0,0,24,8,4,27,177,19,192,204,623,168,2
782,2015,Latur Region,Latur,22164,1048,1183,1425,766,0,0,142,272,0,23,58,12,8,0,187,19,472,161,419,105,44
783,2015,Latur Region,Osmanabad,10408,2188,0,753,217,0,0,119,39,0,0,25,0,3,0,190,1,274,109,636,2,29
784,2015,Latur Region,Ambejogai,6914,602,386,363,211,0,0,7,9,0,0,7,0,2,5,68,2,7,152,268,159,5
785,2015,Nanded Region,Nanded,30067,167,265,2254,0,0,0,3,292,0,8,45,0,6,0,431,28,355,351,522,195,10
786,2015,Nanded Region,Parbhani,12206,273,184,439,430,0,1,23,28,0,17,16,0,5,0,63,1,12,368,443,146,12
787,2015,Nanded Region,Hingoli,9643,816,96,476,119,0,0,4,122,0,8,19,9,2,0,46,1,188,62,442,215,14
788,2015,Amrawati Region,Amrawati,29877,12628,289,3096,138,0,6,69,565,1,32,94,0,15,0,189,0,468,372,642,809,50
789,2015,Amrawati Region,Buldhana,16114,7302,1762,1167,422,0,0,6,465,0,0,42,0,7,0,77,0,509,134,1370,729,0
790,2015,Amrawati Region,Yawatmal,22051,2694,4901,1739,553,0,55,19,230,0,35,53,0,16,0,161,0,433,377,577,311,9
791,2015,Amrawati Region,Akola,14922,7768,373,2441,77,0,0,16,587,0,11,26,1,1,0,99,1,450,223,510,454,31
792,2015,Amrawati Region,Washim,10568,2492,377,625,252,0,0,6,249,0,8,15,1,2,1,44,1,207,81,666,484,15
793,2015,Nagpur(U) Region,Nagpur,12654,0,0,3901,610,0,0,289,411,0,14,138,0,15,0,22,0,294,212,21,2,2
794,2015,Nagpur(U) Region,Wardha,14506,0,0,1280,100,0,0,13,30,0,9,87,0,8,58,22,3,222,267,466,67,24
795,2015,Nagpur(U) Region,Nagpur(East),29963,0,0,3597,1241,0,0,287,668,0,29,165,1,19,41,144,15,539,773,47,14,0
796,2015,Nagpur(R) Region,Nagpur,28319,12363,994,3535,1687,0,0,184,81,406,61,194,46,27,248,1482,14,1007,324,804,267,94
797,2015,Nagpur(R) Region,Gadchiroli,8413,2453,0,584,263,0,0,26,0,0,2,17,1,5,0,25,0,185,3,648,314,20
798,2015,Nagpur(R) Region,Chandrapur,20731,9930,621,1572,199,0,0,58,628,0,25,61,4,9,246,389,21,659,101,895,312,69
799,2015,Nagpur(R) Region,Gondia,12553,3441,1332,720,336,0,0,13,7,2,5,46,2,2,0,100,38,178,24,792,343,12
800,2015,Nagpur(R) Region,Bhandara,10114,5473,0,1092,181,0,0,3,7,0,3,26,1,3,0,123,4,225,20,784,479,24
801,2016,Greater Mumbai,Mumbai(C),22523,10404,70,12537,346,2,2877,6446,0,6,50,9,6,51,0,19,0,759,58,1,6,107
802,2016,Greater Mumbai,Mumbai(W),14544,13723,30,13918,5,0,263,6577,6084,0,21,27,29,25,6,64,0,661,310,0,0,0
803,2016,Greater Mumbai,Mumbai€,28610,9215,76,10185,22,0,343,6021,8173,0,21,46,30,24,0,53,3,719,506,0,11,0
804,2016,Greater Mumbai,Borivali,23704,20727,52,17466,25,0,1276,3644,5563,1,5,170,0,10,91,0,0,726,0,19,0,3
805,2016,Thane Region,Thane,53115,24819,228,16520,2393,0,1907,5185,3829,291,1839,86,3,84,92,4033,541,3866,432,64,201,129
806,2016,Thane Region,Kalyan,68114,0,0,12118,0,0,311,1719,5625,0,60,114,4,20,163,470,11,284,1568,55,8,60
807,2016,Thane Region,Vashi Navi Mumbai,22535,0,0,10343,2,0,2560,644,1944,109,158,36,13,14,28,1001,256,397,967,37,278,45
808,2016,Thane Region,Vasai,51546,6759,41,9766,6,3,558,1655,2360,106,309,22,811,55,706,1575,22,2348,342,87,33,79
809,2016,Panvel Region,Panvel,29891,3268,0,11475,2,0,1023,3648,1708,13,127,243,82,44,3125,3579,16,1357,260,112,7,578
810,2016,Panvel Region,Pen-Raigad,15537,3144,25,2773,225,60,63,268,464,54,106,51,6,12,46,263,32,591,169,38,5,247
811,2016,Panvel Region,Ratnagiri,14962,1191,384,1874,535,0,30,32,567,0,52,30,11,19,2,223,10,473,429,62,11,75
812,2016,Panvel Region,Sindhudurg,11020,3247,32,1299,298,0,30,8,380,4,25,10,1,10,0,210,6,351,69,70,5,140
813,2016,Kolhapur Region,Kolhapur,49712,20338,1162,10636,3,0,0,107,443,0,110,77,23,24,5,368,12,1307,196,1407,1502,210
814,2016,Kolhapur Region,Sangli,17516,7680,1,3757,1100,0,0,164,206,0,5,45,0,3,0,386,16,1079,200,1499,167,33
815,2016,Kolhapur Region,Satara,22579,8665,4721,4408,682,0,0,430,233,6,67,51,1,6,2,726,8,1270,252,1398,537,114
816,2016,Kolhapur Region,Karad,12197,20,0,1484,50,0,59,125,70,0,15,33,2,8,0,227,0,370,70,278,209,8
817,2016,Pune Region,Pune,109269,68794,406,49543,10,0,0,12617,4937,0,4921,113,10,28,3038,7188,37,4074,1869,1249,190,482
818,2016,Pune Region,Solapur,50221,3656,52,4367,6,0,0,196,770,0,56,81,1,19,0,436,100,1480,454,1812,386,52
819,2016,Pune Region,Pimpri-Chinchwad,54609,45796,27,23422,3516,0,0,3681,592,7,570,66,53,82,0,531,45,2294,1141,679,0,299
820,2016,Pune Region,Baramati,17015,536,80,3217,2,0,0,88,61,0,21,34,9,13,113,199,6,1099,93,850,209,20
821,2016,Pune Region,Akluj,20332,441,90,1652,0,0,21,52,5,0,10,40,0,1,0,165,0,895,285,1224,453,2
822,2016,Nashik Region,Nashik,53416,21203,1291,14750,9,0,0,362,733,0,165,184,0,21,11,839,2,2025,1009,4716,629,183
823,2016,Nashik Region,Ahmednagar,22800,10356,1136,3412,555,0,14,191,162,3,21,83,1,16,91,570,21,1495,220,1935,230,77
824,2016,Nashik Region,Srirampur,28735,2456,152,3148,6,0,9,77,70,0,22,56,0,9,0,223,45,1276,780,1763,281,122
825,2016,Nashik Region,Malegaon,21530,0,1719,2198,0,0,16,18,154,0,9,29,0,1,46,95,1,522,136,1491,382,42
826,2016,Dhule Region,Dhule,19228,3888,471,2299,250,0,5,49,79,0,19,20,0,6,389,1017,14,194,221,765,210,41
827,2016,Dhule Region,Jalgaon,32189,9063,986,2963,729,2,1,37,237,0,58,26,0,1,0,237,25,65,657,1569,427,29
828,2016,Dhule Region,Nandurbar,15418,2343,77,2173,577,32,1,3,4,0,10,10,0,2,0,7,9,92,210,867,235,5
829,2016,Aurangabad Region,Aurangabad,59982,5389,467,8703,8,0,38,147,1277,345,169,106,8,14,0,967,15,1515,433,1567,212,113
830,2016,Aurangabad Region,Jalna,21797,2531,398,1134,328,0,19,3,46,0,0,31,1,1,0,134,4,550,126,1271,140,75
831,2016,Aurangabad Region,Beed,9173,4817,156,489,486,0,0,49,21,0,18,5,6,2,58,129,18,153,132,618,157,39
832,2016,Latur Region,Latur,21857,1194,217,1561,846,0,20,181,178,2,40,68,1,8,2,267,13,764,217,456,65,44
833,2016,Latur Region,Osmanabad,9939,2806,0,937,240,0,0,202,49,0,1,40,1,0,23,220,8,478,138,943,0,14
834,2016,Latur Region,Ambejogai,7405,1828,265,471,216,0,19,19,0,0,7,18,0,1,6,123,3,184,28,210,26,20
835,2016,Nanded Region,Nanded,26795,2,949,2205,0,0,4,29,168,12,15,31,0,12,0,532,3,478,365,855,77,25
836,2016,Nanded Region,Parbhani,16758,237,168,677,380,0,0,31,7,0,27,13,3,6,0,112,0,11,639,658,111,50
837,2016,Nanded Region,Hingoli,7502,673,23,420,73,0,0,2,0,0,2,0,0,3,0,45,0,158,0,456,62,0
838,2016,Amrawati Region,Amrawati,41648,0,0,3682,137,0,7,53,503,25,27,131,0,11,221,189,21,520,271,594,358,37
839,2016,Amrawati Region,Buldhana,31279,0,0,1394,434,0,2,4,12,0,0,6,0,9,21,160,1,817,295,1684,813,0
840,2016,Amrawati Region,Yawatmal,31657,0,0,2061,600,0,58,11,0,0,61,106,0,13,0,168,0,544,385,851,200,9
841,2016,Amrawati Region,Akola,23870,0,0,2540,76,0,0,39,238,4,17,43,3,3,0,130,0,733,230,925,351,34
842,2016,Amrawati Region,Washim,15159,211,11,694,280,0,0,7,1,0,2,12,0,1,2,46,3,250,106,1066,347,33
843,2016,Nagpur(U) Region,Nagpur,12266,0,0,4321,685,0,38,631,564,40,15,98,0,18,0,58,33,271,196,34,3,20
844,2016,Nagpur(U) Region,Wardha,19550,0,0,1517,140,0,0,21,20,0,14,65,2,6,7,59,11,242,211,455,49,37
845,2016,Nagpur(U) Region,Nagpur(East),30014,0,0,3773,1502,0,32,1053,1320,0,43,126,2,25,29,129,276,575,612,179,7,29
846,2016,Nagpur(R) Region,Nagpur,30488,10440,1009,4133,1309,0,0,440,142,137,104,117,15,29,125,1729,27,1070,169,797,207,111
847,2016,Nagpur(R) Region,Gadchiroli,8218,2891,0,541,482,0,1,6,1,0,0,14,7,4,0,35,5,246,2,606,198,18
848,2016,Nagpur(R) Region,Chandrapur,20417,11923,583,1779,170,3,0,100,336,3,20,54,3,12,84,353,135,709,88,942,203,79
849,2016,Nagpur(R) Region,Gondia,10232,6345,917,765,345,0,0,13,6,0,3,64,0,5,0,75,3,207,32,787,153,36
850,2016,Nagpur(R) Region,Bhandara,10267,5920,0,1456,56,0,0,10,1,1,1,33,0,6,0,130,1,239,1,807,247,40
